-- phpMyAdmin SQL Dump
-- version 4.2.7.1
-- http://www.phpmyadmin.net
--
-- Host: 127.0.0.1
-- Generation Time: May 26, 2016 at 09:08 AM
-- Server version: 5.5.39
-- PHP Version: 5.4.31

SET SQL_MODE = "NO_AUTO_VALUE_ON_ZERO";
SET time_zone = "+00:00";


/*!40101 SET @OLD_CHARACTER_SET_CLIENT=@@CHARACTER_SET_CLIENT */;
/*!40101 SET @OLD_CHARACTER_SET_RESULTS=@@CHARACTER_SET_RESULTS */;
/*!40101 SET @OLD_COLLATION_CONNECTION=@@COLLATION_CONNECTION */;
/*!40101 SET NAMES utf8 */;

--
-- Database: `upvedacms_v3`
--

-- --------------------------------------------------------

--
-- Table structure for table `ci_sessions`
--

CREATE TABLE IF NOT EXISTS `ci_sessions` (
  `id` varchar(40) NOT NULL,
  `ip_address` varchar(45) NOT NULL,
  `timestamp` int(10) unsigned NOT NULL DEFAULT '0',
  `data` blob NOT NULL
) ENGINE=InnoDB DEFAULT CHARSET=latin1;

--
-- Dumping data for table `ci_sessions`
--

INSERT INTO `ci_sessions` (`id`, `ip_address`, `timestamp`, `data`) VALUES
('001591e05f74b76824fbe53225b1a2e7aa441c9f', '::1', 1461583853, 0x5f5f63695f6c6173745f726567656e65726174657c693a313436313538333736353b7065726d697373696f6e7c4e3b6c6f676765645f696e7c623a313b757365725f69647c733a313a2231223b67726f75705f69647c733a313a2231223b6c616e67756167657c733a333a226e6570223b),
('00487c2ed7fd2d3074e69ca0350af4dc8ea21104', '::1', 1461926641, 0x5f5f63695f6c6173745f726567656e65726174657c693a313436313932363538303b7065726d697373696f6e7c4e3b6c6f676765645f696e7c623a313b757365725f69647c733a313a2231223b67726f75705f69647c733a313a2231223b6c616e67756167657c733a333a226e6570223b),
('00ab7145b06e7a51fbfe47b7d74952dc07029bd8', '::1', 1462174448, 0x5f5f63695f6c6173745f726567656e65726174657c693a313436323137343136353b7065726d697373696f6e7c4e3b6c6f676765645f696e7c623a313b757365725f69647c733a313a2231223b67726f75705f69647c733a313a2231223b6c616e67756167657c733a333a226e6570223b),
('028d4651a0fc5d3636d74ef9fc38dc941ea60b2c', '::1', 1461655534, 0x5f5f63695f6c6173745f726567656e65726174657c693a313436313635353533343b7065726d697373696f6e7c4e3b6c6f676765645f696e7c623a313b757365725f69647c733a313a2231223b67726f75705f69647c733a313a2231223b6c616e67756167657c733a333a226e6570223b),
('037f7fa04a2d4346ad76ff07eea7e2a7135d97cd', '::1', 1462270296, 0x5f5f63695f6c6173745f726567656e65726174657c693a313436323237303239363b7065726d697373696f6e7c4e3b6c6f676765645f696e7c623a313b757365725f69647c733a313a2231223b67726f75705f69647c733a313a2231223b6c616e67756167657c733a333a226e6570223b),
('03e95d4433701d67f9a23d27d46bda29e91927c7', '::1', 1461655535, 0x5f5f63695f6c6173745f726567656e65726174657c693a313436313635353533353b7065726d697373696f6e7c4e3b6c6f676765645f696e7c623a313b757365725f69647c733a313a2231223b67726f75705f69647c733a313a2231223b6c616e67756167657c733a333a226e6570223b),
('0458a458fa60a9cc139838abad5bc7f33d2afef0', '::1', 1462265046, 0x5f5f63695f6c6173745f726567656e65726174657c693a313436323236353034363b7065726d697373696f6e7c4e3b6c6f676765645f696e7c623a313b757365725f69647c733a313a2231223b67726f75705f69647c733a313a2231223b6c616e67756167657c733a333a226e6570223b6f7065726174696f6e7c733a32333a2255706461746564205375636365737366756c6c79212121223b5f5f63695f766172737c613a313a7b733a393a226f7065726174696f6e223b733a333a226e6577223b7d),
('053c415fb7d8e27e829f27847ffe946c7a820aa9', '::1', 1461564436, 0x5f5f63695f6c6173745f726567656e65726174657c693a313436313536343433363b7065726d697373696f6e7c4e3b6c6f676765645f696e7c623a313b757365725f69647c733a313a2231223b67726f75705f69647c733a313a2231223b6c616e67756167657c733a333a226e6570223b),
('061410fddda24459693b854d05f07be5f25754b0', '::1', 1462266651, 0x5f5f63695f6c6173745f726567656e65726174657c693a313436323236363432363b7065726d697373696f6e7c4e3b6c6f676765645f696e7c623a313b757365725f69647c733a313a2231223b67726f75705f69647c733a313a2231223b6c616e67756167657c733a333a226e6570223b),
('08138c8ec0f061a36510d70af75662dc7e90ce6e', '::1', 1461653417, 0x5f5f63695f6c6173745f726567656e65726174657c693a313436313635333133393b7065726d697373696f6e7c4e3b6c6f676765645f696e7c623a313b757365725f69647c733a313a2231223b67726f75705f69647c733a313a2231223b6c616e67756167657c733a333a226e6570223b),
('08cc48ecaf35bc669dbf51b656cdd8dc81216399', '::1', 1462790386, 0x5f5f63695f6c6173745f726567656e65726174657c693a313436323739303338363b),
('09b107b90136647b7a0171b4ff288aa6141126e7', '::1', 1461051903, 0x5f5f63695f6c6173745f726567656e65726174657c693a313436313035313930333b7065726d697373696f6e7c4e3b6c6f676765645f696e7c623a313b757365725f69647c733a313a2231223b67726f75705f69647c733a313a2231223b),
('09cb937de1303c3ac2c8ad7327f3aa88255c6cee', '::1', 1462344991, 0x5f5f63695f6c6173745f726567656e65726174657c693a313436323334343830363b7065726d697373696f6e7c4e3b6c6f676765645f696e7c623a313b757365725f69647c733a313a2231223b67726f75705f69647c733a313a2231223b6c616e67756167657c733a333a22656e67223b),
('0a200bd82e722f08579ed95d2686fba9e0ad42c8', '::1', 1462518843, 0x5f5f63695f6c6173745f726567656e65726174657c693a313436323531383834333b7065726d697373696f6e7c4e3b6c6f676765645f696e7c623a313b757365725f69647c733a313a2231223b67726f75705f69647c733a313a2231223b6c616e67756167657c733a333a22656e67223b),
('0a4fc02db759801e87dbb1a24becf636d29b20e2', '::1', 1462173769, 0x5f5f63695f6c6173745f726567656e65726174657c693a313436323137333732333b7065726d697373696f6e7c4e3b6c6f676765645f696e7c623a313b757365725f69647c733a313a2231223b67726f75705f69647c733a313a2231223b6c616e67756167657c733a333a226e6570223b),
('0a5f787aae849719d36ae6e61b6628045b3d1ed3', '::1', 1461829461, 0x5f5f63695f6c6173745f726567656e65726174657c693a313436313832393435373b7065726d697373696f6e7c4e3b6c6f676765645f696e7c623a313b757365725f69647c733a313a2231223b67726f75705f69647c733a313a2231223b6c616e67756167657c733a333a226e6570223b),
('0b6ad6a23334e03c789f43399cab737f1dd897ef', '::1', 1462174711, 0x5f5f63695f6c6173745f726567656e65726174657c693a313436323137343533323b7065726d697373696f6e7c4e3b6c6f676765645f696e7c623a313b757365725f69647c733a313a2231223b67726f75705f69647c733a313a2231223b6c616e67756167657c733a333a226e6570223b),
('0be215277566a607375e50be9a33ba56987d27d9', '::1', 1462173555, 0x5f5f63695f6c6173745f726567656e65726174657c693a313436323137333335303b7065726d697373696f6e7c4e3b6c6f676765645f696e7c623a313b757365725f69647c733a313a2231223b67726f75705f69647c733a313a2231223b6c616e67756167657c733a333a226e6570223b),
('0bf13b0ef15c745fcca92ccc6f8e59333798b8fc', '::1', 1461655534, 0x5f5f63695f6c6173745f726567656e65726174657c693a313436313635353533343b7065726d697373696f6e7c4e3b6c6f676765645f696e7c623a313b757365725f69647c733a313a2231223b67726f75705f69647c733a313a2231223b6c616e67756167657c733a333a226e6570223b),
('0c84420552b4aa5272ee81c870c2d6fa637cc8bd', '::1', 1462524701, 0x5f5f63695f6c6173745f726567656e65726174657c693a313436323532343730313b7065726d697373696f6e7c4e3b6c6f676765645f696e7c623a313b757365725f69647c733a313a2231223b67726f75705f69647c733a313a2231223b6c616e67756167657c733a333a22656e67223b),
('0d73e7c640bc670caea560065f1b3bbf0f98adc0', '::1', 1462184447, 0x5f5f63695f6c6173745f726567656e65726174657c693a313436323138343332363b7065726d697373696f6e7c4e3b6c6f676765645f696e7c623a313b757365725f69647c733a313a2231223b67726f75705f69647c733a313a2231223b6c616e67756167657c733a333a226e6570223b6f7065726174696f6e7c733a32333a2255706461746564205375636365737366756c6c79212121223b5f5f63695f766172737c613a313a7b733a393a226f7065726174696f6e223b733a333a226e6577223b7d),
('0de19ae7a7e4711f5e2d69bc3b77f01a951205c9', '::1', 1461057160, 0x5f5f63695f6c6173745f726567656e65726174657c693a313436313035363837363b7065726d697373696f6e7c4e3b6c6f676765645f696e7c623a313b757365725f69647c733a313a2231223b67726f75705f69647c733a313a2231223b),
('0e67f2f4c3db8b4b4144fc92bea4e21b2c799b19', '::1', 1462790387, 0x5f5f63695f6c6173745f726567656e65726174657c693a313436323739303338373b),
('0ed978497aa31dbbffce658d351406a675a1dc48', '::1', 1462271919, 0x5f5f63695f6c6173745f726567656e65726174657c693a313436323237313635353b7065726d697373696f6e7c4e3b6c6f676765645f696e7c623a313b757365725f69647c733a313a2231223b67726f75705f69647c733a313a2231223b6c616e67756167657c733a333a226e6570223b),
('0f2f1a21256b7ccca683f8ec8dd02f3a4ef29b2f', '::1', 1461067237, 0x5f5f63695f6c6173745f726567656e65726174657c693a313436313036363934383b7065726d697373696f6e7c4e3b6c6f676765645f696e7c623a313b757365725f69647c733a313a2231223b67726f75705f69647c733a313a2231223b6c616e67756167657c733a333a22656e67223b),
('0ff971a4118afda50b295c19e1915c9d6fcece4d', '::1', 1462270295, 0x5f5f63695f6c6173745f726567656e65726174657c693a313436323237303239353b7065726d697373696f6e7c4e3b6c6f676765645f696e7c623a313b757365725f69647c733a313a2231223b67726f75705f69647c733a313a2231223b6c616e67756167657c733a333a226e6570223b),
('105aa0e2c0b2f5d3d4352e71e54080bb1acecd6b', '::1', 1461049244, 0x5f5f63695f6c6173745f726567656e65726174657c693a313436313034393233373b7065726d697373696f6e7c4e3b6c6f676765645f696e7c623a313b757365725f69647c733a313a2231223b67726f75705f69647c733a313a2231223b),
('10ee870d524024af3cf0cc6dc28871093ddd915b', '::1', 1461670241, 0x5f5f63695f6c6173745f726567656e65726174657c693a313436313636393938333b7065726d697373696f6e7c4e3b6c6f676765645f696e7c623a313b757365725f69647c733a313a2231223b67726f75705f69647c733a313a2231223b6c616e67756167657c733a333a226e6570223b),
('113e52cd9d1d1e7ad88c840faf5123561556e0dd', '::1', 1461914040, 0x5f5f63695f6c6173745f726567656e65726174657c693a313436313931333830303b7065726d697373696f6e7c4e3b6c6f676765645f696e7c623a313b757365725f69647c733a313a2231223b67726f75705f69647c733a313a2231223b6c616e67756167657c733a333a226e6570223b),
('115f208d1a1531a444c7a1840c8f00b35cfcaa3f', '::1', 1462789315, 0x5f5f63695f6c6173745f726567656e65726174657c693a313436323738393330393b),
('11820412b57647f091315671cc4c78d0b12a5620', '::1', 1462185824, 0x5f5f63695f6c6173745f726567656e65726174657c693a313436323138353832343b7065726d697373696f6e7c4e3b6c6f676765645f696e7c623a313b757365725f69647c733a313a2231223b67726f75705f69647c733a313a2231223b6c616e67756167657c733a333a226e6570223b),
('1184a44e1af638a7082afaf5c1144b3c9145e841', '::1', 1461313856, 0x5f5f63695f6c6173745f726567656e65726174657c693a313436313331333537383b7065726d697373696f6e7c4e3b6c6f676765645f696e7c623a313b757365725f69647c733a313a2231223b67726f75705f69647c733a313a2231223b6c616e67756167657c733a333a226e6570223b),
('11ccd7e015537f58952cba8a3c6c0e867c4dee42', '::1', 1461921723, 0x5f5f63695f6c6173745f726567656e65726174657c693a313436313932313439313b7065726d697373696f6e7c4e3b6c6f676765645f696e7c623a313b757365725f69647c733a313a2231223b67726f75705f69647c733a313a2231223b6c616e67756167657c733a333a226e6570223b),
('11f6e84f212e5a21e138d392681e4e805037c0c3', '::1', 1461322029, 0x5f5f63695f6c6173745f726567656e65726174657c693a313436313332313337353b7065726d697373696f6e7c4e3b6c6f676765645f696e7c623a313b757365725f69647c733a313a2231223b67726f75705f69647c733a313a2231223b6c616e67756167657c733a333a226e6570223b),
('125d2606ac242ffec09a03eaf3bb95fe6ab6a333', '::1', 1462270292, 0x5f5f63695f6c6173745f726567656e65726174657c693a313436323236393939333b7065726d697373696f6e7c4e3b6c6f676765645f696e7c623a313b757365725f69647c733a313a2231223b67726f75705f69647c733a313a2231223b6c616e67756167657c733a333a226e6570223b),
('12cf6f3bf8ac34e973f8858a8714d8a58a9c8482', '::1', 1461651805, 0x5f5f63695f6c6173745f726567656e65726174657c693a313436313635313830313b7065726d697373696f6e7c4e3b6c6f676765645f696e7c623a313b757365725f69647c733a313a2231223b67726f75705f69647c733a313a2231223b6c616e67756167657c733a333a226e6570223b),
('12d7479b668f205d680dd89967132dc24779dcc7', '::1', 1464086063, 0x5f5f63695f6c6173745f726567656e65726174657c693a313436343038353836313b6c6f676765645f696e7c623a313b757365725f69647c733a313a2231223b67726f75705f69647c733a313a2231223b7065726d697373696f6e7c4e3b),
('13195e70f83385d5793a55f9ce71401224b409f8', '::1', 1462270296, 0x5f5f63695f6c6173745f726567656e65726174657c693a313436323237303239363b7065726d697373696f6e7c4e3b6c6f676765645f696e7c623a313b757365725f69647c733a313a2231223b67726f75705f69647c733a313a2231223b6c616e67756167657c733a333a226e6570223b),
('14ca84cd436f3aebbd0a4f72a536737b775dc4cb', '::1', 1461914701, 0x5f5f63695f6c6173745f726567656e65726174657c693a313436313931343730303b7065726d697373696f6e7c4e3b6c6f676765645f696e7c623a313b757365725f69647c733a313a2231223b67726f75705f69647c733a313a2231223b6c616e67756167657c733a333a226e6570223b),
('157dd57272a65dc25105622c478ab4bd497cdcef', '::1', 1461669260, 0x5f5f63695f6c6173745f726567656e65726174657c693a313436313636383936323b7065726d697373696f6e7c4e3b6c6f676765645f696e7c623a313b757365725f69647c733a313a2231223b67726f75705f69647c733a313a2231223b6c616e67756167657c733a333a226e6570223b),
('179a9b4a385808277f5793c1911d9cead36bf21a', '::1', 1461914298, 0x5f5f63695f6c6173745f726567656e65726174657c693a313436313931343131363b7065726d697373696f6e7c4e3b6c6f676765645f696e7c623a313b757365725f69647c733a313a2231223b67726f75705f69647c733a313a2231223b6c616e67756167657c733a333a226e6570223b),
('18bff5ee415ffbf7b84adb8ba6c4ad5ce4325485', '::1', 1461653760, 0x5f5f63695f6c6173745f726567656e65726174657c693a313436313635333736303b7065726d697373696f6e7c4e3b6c6f676765645f696e7c623a313b757365725f69647c733a313a2231223b67726f75705f69647c733a313a2231223b6c616e67756167657c733a333a226e6570223b),
('18cf0f885979f7b87fc5a92951161601b38e14f5', '::1', 1461827550, 0x5f5f63695f6c6173745f726567656e65726174657c693a313436313832373236343b7065726d697373696f6e7c4e3b6c6f676765645f696e7c623a313b757365725f69647c733a313a2231223b67726f75705f69647c733a313a2231223b6c616e67756167657c733a333a226e6570223b),
('1929391a94fea804a41fcb96336f1ac6425b35d0', '::1', 1462345723, 0x5f5f63695f6c6173745f726567656e65726174657c693a313436323334353433313b7065726d697373696f6e7c4e3b6c6f676765645f696e7c623a313b757365725f69647c733a313a2231223b67726f75705f69647c733a313a2231223b6c616e67756167657c733a333a22656e67223b),
('1945a4465d719446539ef24214d4d5cdb6fc0cb2', '::1', 1462264474, 0x5f5f63695f6c6173745f726567656e65726174657c693a313436323236343437343b7065726d697373696f6e7c4e3b6c6f676765645f696e7c623a313b757365725f69647c733a313a2231223b67726f75705f69647c733a313a2231223b6c616e67756167657c733a333a226e6570223b6f7065726174696f6e7c733a32333a2255706461746564205375636365737366756c6c79212121223b5f5f63695f766172737c613a313a7b733a393a226f7065726174696f6e223b733a333a226f6c64223b7d),
('19da068772cbaa783eb0b86a71105e58828bc3f0', '::1', 1464082993, 0x5f5f63695f6c6173745f726567656e65726174657c693a313436343038323930333b6c6f676765645f696e7c623a313b757365725f69647c733a313a2231223b67726f75705f69647c733a313a2231223b7065726d697373696f6e7c4e3b),
('1a87bf9606d972dbf65e55f041a97543cba27c11', '::1', 1462790387, 0x5f5f63695f6c6173745f726567656e65726174657c693a313436323739303338373b),
('1aafc0a531711e030ad21fa2a30fdfd663297a96', '::1', 1461666724, 0x5f5f63695f6c6173745f726567656e65726174657c693a313436313636363434323b7065726d697373696f6e7c4e3b6c6f676765645f696e7c623a313b757365725f69647c733a313a2231223b67726f75705f69647c733a313a2231223b6c616e67756167657c733a333a226e6570223b),
('1b4b0d735664cec2686806495f41a9da96708942', '::1', 1462790387, 0x5f5f63695f6c6173745f726567656e65726174657c693a313436323739303338373b),
('1b86b68e1c70ed31cf030de8fe72831dc51f6a17', '::1', 1462514583, 0x5f5f63695f6c6173745f726567656e65726174657c693a313436323531343331313b7065726d697373696f6e7c4e3b6c6f676765645f696e7c623a313b757365725f69647c733a313a2231223b67726f75705f69647c733a313a2231223b6c616e67756167657c733a333a22656e67223b),
('1cbb11591da04a244ae0a58f0c76050a17bba9da', '::1', 1462515809, 0x5f5f63695f6c6173745f726567656e65726174657c693a313436323531353633373b7065726d697373696f6e7c4e3b6c6f676765645f696e7c623a313b757365725f69647c733a313a2231223b67726f75705f69647c733a313a2231223b6c616e67756167657c733a333a22656e67223b),
('1da3dd8901129489714fff0de827ca653cefa246', '::1', 1462268440, 0x5f5f63695f6c6173745f726567656e65726174657c693a313436323236383230343b7065726d697373696f6e7c4e3b6c6f676765645f696e7c623a313b757365725f69647c733a313a2231223b67726f75705f69647c733a313a2231223b6c616e67756167657c733a333a226e6570223b),
('1ee66ddd3f76bd506ff24f5b2a767a870e9f6270', '::1', 1461655532, 0x5f5f63695f6c6173745f726567656e65726174657c693a313436313635353533323b7065726d697373696f6e7c4e3b6c6f676765645f696e7c623a313b757365725f69647c733a313a2231223b67726f75705f69647c733a313a2231223b6c616e67756167657c733a333a226e6570223b),
('20825102e84fd8e045eaf7ea5fad5845b1eb61be', '::1', 1461742093, 0x5f5f63695f6c6173745f726567656e65726174657c693a313436313734313830333b7065726d697373696f6e7c4e3b6c6f676765645f696e7c623a313b757365725f69647c733a313a2231223b67726f75705f69647c733a313a2231223b6c616e67756167657c733a333a226e6570223b),
('20c4b08720d4adff6f65106931513c94812ec1f4', '::1', 1462358243, 0x5f5f63695f6c6173745f726567656e65726174657c693a313436323335383231323b7065726d697373696f6e7c4e3b6c6f676765645f696e7c623a313b757365725f69647c733a313a2231223b67726f75705f69647c733a313a2231223b6c616e67756167657c733a333a22656e67223b),
('20cb6760107e86aa58425001874e261a79bec0dd', '::1', 1462179054, 0x5f5f63695f6c6173745f726567656e65726174657c693a313436323137383832373b7065726d697373696f6e7c4e3b6c6f676765645f696e7c623a313b757365725f69647c733a313a2231223b67726f75705f69647c733a313a2231223b6c616e67756167657c733a333a226e6570223b),
('21f5beb94f9bdf47d13a504de656efc94461bcac', '::1', 1461067313, 0x5f5f63695f6c6173745f726567656e65726174657c693a313436313036373331333b7065726d697373696f6e7c4e3b6c6f676765645f696e7c623a313b757365725f69647c733a313a2231223b67726f75705f69647c733a313a2231223b6c616e67756167657c733a333a22656e67223b),
('2245cc5ade790855df2d32c32ab8d9386065a7b8', '::1', 1461649548, 0x5f5f63695f6c6173745f726567656e65726174657c693a313436313634393532393b7065726d697373696f6e7c4e3b6c6f676765645f696e7c623a313b757365725f69647c733a313a2231223b67726f75705f69647c733a313a2231223b6c616e67756167657c733a333a226e6570223b),
('22bc9f8fe4abe729fbe4bfd230b8c82fc111d427', '::1', 1462185001, 0x5f5f63695f6c6173745f726567656e65726174657c693a313436323138343736353b7065726d697373696f6e7c4e3b6c6f676765645f696e7c623a313b757365725f69647c733a313a2231223b67726f75705f69647c733a313a2231223b6c616e67756167657c733a333a226e6570223b),
('23f0cdfae4267e5fff73a7012bffe990aa88a48a', '::1', 1462270295, 0x5f5f63695f6c6173745f726567656e65726174657c693a313436323237303239353b7065726d697373696f6e7c4e3b6c6f676765645f696e7c623a313b757365725f69647c733a313a2231223b67726f75705f69647c733a313a2231223b6c616e67756167657c733a333a226e6570223b),
('2455c26fc2a5f8e42b17be3421a8253846391bab', '::1', 1463649282, 0x5f5f63695f6c6173745f726567656e65726174657c693a313436333634393237383b6c6f676765645f696e7c623a313b757365725f69647c733a313a2231223b67726f75705f69647c733a313a2231223b7065726d697373696f6e7c4e3b),
('2586016462a9fb08c6e965d9da82792c44c0f1d4', '::1', 1461051902, 0x5f5f63695f6c6173745f726567656e65726174657c693a313436313035313930323b7065726d697373696f6e7c4e3b6c6f676765645f696e7c623a313b757365725f69647c733a313a2231223b67726f75705f69647c733a313a2231223b),
('2659a238d0bfadd04adbf03d42c6926bf4b5e73c', '::1', 1461564436, 0x5f5f63695f6c6173745f726567656e65726174657c693a313436313536343433363b7065726d697373696f6e7c4e3b6c6f676765645f696e7c623a313b757365725f69647c733a313a2231223b67726f75705f69647c733a313a2231223b6c616e67756167657c733a333a226e6570223b),
('27417da77a8f121ae6e99ab54028c1b0bedfd157', '::1', 1461744359, 0x5f5f63695f6c6173745f726567656e65726174657c693a313436313734343335323b7065726d697373696f6e7c4e3b6c6f676765645f696e7c623a313b757365725f69647c733a313a2231223b67726f75705f69647c733a313a2231223b6c616e67756167657c733a333a226e6570223b),
('27937e84fbe0ea3713e38a5e6501733a50e4d77b', '::1', 1462180696, 0x5f5f63695f6c6173745f726567656e65726174657c693a313436323138303430343b7065726d697373696f6e7c4e3b6c6f676765645f696e7c623a313b757365725f69647c733a313a2231223b67726f75705f69647c733a313a2231223b6c616e67756167657c733a333a226e6570223b),
('2a7bbe4e9b5a2d40490356c0a601e9e759b381d7', '::1', 1461744130, 0x5f5f63695f6c6173745f726567656e65726174657c693a313436313734343030393b7065726d697373696f6e7c4e3b6c6f676765645f696e7c623a313b757365725f69647c733a313a2231223b67726f75705f69647c733a313a2231223b6c616e67756167657c733a333a226e6570223b),
('2b66395b6c66723ff6a3bd73619fb0fea71c5869', '::1', 1461668573, 0x5f5f63695f6c6173745f726567656e65726174657c693a313436313636383331343b7065726d697373696f6e7c4e3b6c6f676765645f696e7c623a313b757365725f69647c733a313a2231223b67726f75705f69647c733a313a2231223b6c616e67756167657c733a333a226e6570223b),
('2b7c604f41e67f94b974befee47b5286a0e30b5b', '::1', 1461059613, 0x5f5f63695f6c6173745f726567656e65726174657c693a313436313035393630343b7065726d697373696f6e7c4e3b6c6f676765645f696e7c623a313b757365725f69647c733a313a2231223b67726f75705f69647c733a313a2231223b),
('2c1c2138d2531beb454625521e1113720133b6b2', '::1', 1462518843, 0x5f5f63695f6c6173745f726567656e65726174657c693a313436323531383834333b7065726d697373696f6e7c4e3b6c6f676765645f696e7c623a313b757365725f69647c733a313a2231223b67726f75705f69647c733a313a2231223b6c616e67756167657c733a333a22656e67223b),
('2c8a027560a41eb335e2b8d149213b37889cefc9', '::1', 1464086236, 0x5f5f63695f6c6173745f726567656e65726174657c693a313436343038363137303b6c6f676765645f696e7c623a313b757365725f69647c733a313a2231223b67726f75705f69647c733a313a2231223b7065726d697373696f6e7c4e3b),
('2d2c3d10088974acf606ad3e28213deefdf53364', '::1', 1461057485, 0x5f5f63695f6c6173745f726567656e65726174657c693a313436313035373139313b7065726d697373696f6e7c4e3b6c6f676765645f696e7c623a313b757365725f69647c733a313a2231223b67726f75705f69647c733a313a2231223b),
('2d6b80f078418bc19c3d9fa6a0726c3d0b875d37', '::1', 1462346823, 0x5f5f63695f6c6173745f726567656e65726174657c693a313436323334363533313b7065726d697373696f6e7c4e3b6c6f676765645f696e7c623a313b757365725f69647c733a313a2231223b67726f75705f69647c733a313a2231223b6c616e67756167657c733a333a22656e67223b),
('2de93d76677aad5005741b655e16c24d91865b34', '::1', 1461668818, 0x5f5f63695f6c6173745f726567656e65726174657c693a313436313636383632373b7065726d697373696f6e7c4e3b6c6f676765645f696e7c623a313b757365725f69647c733a313a2231223b67726f75705f69647c733a313a2231223b6c616e67756167657c733a333a226e6570223b),
('2f15e2042555015574cfa857a31aebf554a67ab8', '::1', 1462267011, 0x5f5f63695f6c6173745f726567656e65726174657c693a313436323236363736313b7065726d697373696f6e7c4e3b6c6f676765645f696e7c623a313b757365725f69647c733a313a2231223b67726f75705f69647c733a313a2231223b6c616e67756167657c733a333a226e6570223b),
('2f758ed20b774078dbf2174f21ea080dde0130dd', '::1', 1461322036, 0x5f5f63695f6c6173745f726567656e65726174657c693a313436313332323033303b7065726d697373696f6e7c4e3b6c6f676765645f696e7c623a313b757365725f69647c733a313a2231223b67726f75705f69647c733a313a2231223b6c616e67756167657c733a333a226e6570223b),
('31337e181187486c2ff751d8d3734f4ba4927ede', '::1', 1463998652, 0x5f5f63695f6c6173745f726567656e65726174657c693a313436333939383630333b6c6f676765645f696e7c623a313b757365725f69647c733a313a2231223b67726f75705f69647c733a313a2231223b7065726d697373696f6e7c4e3b),
('3329be35a6c39beb397fa60d5f81cc06be24d135', '::1', 1461838329, 0x5f5f63695f6c6173745f726567656e65726174657c693a313436313833383235383b7065726d697373696f6e7c4e3b6c6f676765645f696e7c623a313b757365725f69647c733a313a2231223b67726f75705f69647c733a313a2231223b6c616e67756167657c733a333a226e6570223b),
('351ba4a624e7b468b5e846639f2f70ebb592f1e7', '::1', 1462186428, 0x5f5f63695f6c6173745f726567656e65726174657c693a313436323138363138373b7065726d697373696f6e7c4e3b6c6f676765645f696e7c623a313b757365725f69647c733a313a2231223b67726f75705f69647c733a313a2231223b6c616e67756167657c733a333a226e6570223b),
('37f10a8fcac6dd8c50da2c169064052e4cf77067', '::1', 1464083828, 0x5f5f63695f6c6173745f726567656e65726174657c693a313436343038333539333b6c6f676765645f696e7c623a313b757365725f69647c733a313a2231223b67726f75705f69647c733a313a2231223b7065726d697373696f6e7c4e3b),
('382ad40092fccd767ef39fba828c2cad45903ddb', '::1', 1462183777, 0x5f5f63695f6c6173745f726567656e65726174657c693a313436323138333535363b7065726d697373696f6e7c4e3b6c6f676765645f696e7c623a313b757365725f69647c733a313a2231223b67726f75705f69647c733a313a2231223b6c616e67756167657c733a333a226e6570223b),
('39fd17f83b55e2d05d952bd2d04d96422c0bd4b1', '::1', 1461564436, 0x5f5f63695f6c6173745f726567656e65726174657c693a313436313536343433363b7065726d697373696f6e7c4e3b6c6f676765645f696e7c623a313b757365725f69647c733a313a2231223b67726f75705f69647c733a313a2231223b6c616e67756167657c733a333a226e6570223b),
('3b845f54ad74445a37a2cd35b81514bf2a60e887', '::1', 1462790387, 0x5f5f63695f6c6173745f726567656e65726174657c693a313436323739303338373b),
('3c4e3117bb8ab97460e0689f06bd92d9eba20d4d', '::1', 1462518843, 0x5f5f63695f6c6173745f726567656e65726174657c693a313436323531383834333b7065726d697373696f6e7c4e3b6c6f676765645f696e7c623a313b757365725f69647c733a313a2231223b67726f75705f69647c733a313a2231223b6c616e67756167657c733a333a22656e67223b),
('3c6fad4ac0a81727fe64416cc374d4b1f773df6d', '::1', 1461672851, 0x5f5f63695f6c6173745f726567656e65726174657c693a313436313637323539313b7065726d697373696f6e7c4e3b6c6f676765645f696e7c623a313b757365725f69647c733a313a2231223b67726f75705f69647c733a313a2231223b6c616e67756167657c733a333a226e6570223b),
('3e64530be797be0d9aeaf6f4aa0c9563f690dbc5', '::1', 1464082596, 0x5f5f63695f6c6173745f726567656e65726174657c693a313436343038323438343b6c6f676765645f696e7c623a313b757365725f69647c733a313a2231223b67726f75705f69647c733a313a2231223b7065726d697373696f6e7c4e3b),
('3f7675fb7b0a44209ef6508b4da3b3584f19de8e', '::1', 1462270294, 0x5f5f63695f6c6173745f726567656e65726174657c693a313436323237303239343b7065726d697373696f6e7c4e3b6c6f676765645f696e7c623a313b757365725f69647c733a313a2231223b67726f75705f69647c733a313a2231223b6c616e67756167657c733a333a226e6570223b),
('3fc9ee88eedaff1c203b9eab1ac02ce0ccde8bc5', '::1', 1461051903, 0x5f5f63695f6c6173745f726567656e65726174657c693a313436313035313930333b7065726d697373696f6e7c4e3b6c6f676765645f696e7c623a313b757365725f69647c733a313a2231223b67726f75705f69647c733a313a2231223b),
('407213dbdb271757ff931324eda9d75f752d6aa5', '::1', 1461321374, 0x5f5f63695f6c6173745f726567656e65726174657c693a313436313331363437323b7065726d697373696f6e7c4e3b6c6f676765645f696e7c623a313b757365725f69647c733a313a2231223b67726f75705f69647c733a313a2231223b6c616e67756167657c733a333a226e6570223b),
('40b5b13fdcd6ae1069ef4b8e24ee208d42b9ac2d', '::1', 1461673223, 0x5f5f63695f6c6173745f726567656e65726174657c693a313436313637323933333b7065726d697373696f6e7c4e3b6c6f676765645f696e7c623a313b757365725f69647c733a313a2231223b67726f75705f69647c733a313a2231223b6c616e67756167657c733a333a226e6570223b),
('40d2974ff23ea16f7aadcbd726d88466d9a97282', '::1', 1461670345, 0x5f5f63695f6c6173745f726567656e65726174657c693a313436313637303239393b7065726d697373696f6e7c4e3b6c6f676765645f696e7c623a313b757365725f69647c733a313a2231223b67726f75705f69647c733a313a2231223b6c616e67756167657c733a333a226e6570223b),
('422866ec3e22b94726f371d5170c4fcd4fc964dd', '::1', 1462171514, 0x5f5f63695f6c6173745f726567656e65726174657c693a313436323137313331393b7065726d697373696f6e7c4e3b6c6f676765645f696e7c623a313b757365725f69647c733a313a2231223b67726f75705f69647c733a313a2231223b6c616e67756167657c733a333a226e6570223b),
('43e6647bea3f5fcf3ea06193bb38e4e474f2bba8', '::1', 1462168302, 0x5f5f63695f6c6173745f726567656e65726174657c693a313436323136383330323b7065726d697373696f6e7c4e3b6c6f676765645f696e7c623a313b757365725f69647c733a313a2231223b67726f75705f69647c733a313a2231223b6c616e67756167657c733a333a226e6570223b),
('447f07be0ac42e459beca6b4fd6ea0ccaa1ca341', '::1', 1461051901, 0x5f5f63695f6c6173745f726567656e65726174657c693a313436313035313630313b7065726d697373696f6e7c4e3b6c6f676765645f696e7c623a313b757365725f69647c733a313a2231223b67726f75705f69647c733a313a2231223b),
('44ac3a75f991e7703088ad6686eeee8333c1ef6e', '::1', 1461311251, 0x5f5f63695f6c6173745f726567656e65726174657c693a313436313331303936393b7065726d697373696f6e7c4e3b6c6f676765645f696e7c623a313b757365725f69647c733a313a2231223b67726f75705f69647c733a313a2231223b6c616e67756167657c733a333a22656e67223b),
('44f8869ebdcb28223d94a90fa787eb6c62721a1a', '::1', 1462259518, 0x5f5f63695f6c6173745f726567656e65726174657c693a313436323235393436353b7065726d697373696f6e7c4e3b6c6f676765645f696e7c623a313b757365725f69647c733a313a2231223b67726f75705f69647c733a313a2231223b6c616e67756167657c733a333a226e6570223b),
('4572c2b94c0e3ec9e3f53f4b9defac5fca2ecbb6', '::1', 1462513797, 0x5f5f63695f6c6173745f726567656e65726174657c693a313436323531333738313b7065726d697373696f6e7c4e3b6c6f676765645f696e7c623a313b757365725f69647c733a313a2231223b67726f75705f69647c733a313a2231223b6c616e67756167657c733a333a22656e67223b),
('45d6048df8e77a600ce5c055c3333155ee7f7c02', '::1', 1462526001, 0x5f5f63695f6c6173745f726567656e65726174657c693a313436323532363030313b7065726d697373696f6e7c4e3b6c6f676765645f696e7c623a313b757365725f69647c733a313a2231223b67726f75705f69647c733a313a2231223b6c616e67756167657c733a333a22656e67223b),
('463c26fc3c3c729cabcd5f6c252ab00a097fe4d8', '::1', 1462169168, 0x5f5f63695f6c6173745f726567656e65726174657c693a313436323136393136383b7065726d697373696f6e7c4e3b6c6f676765645f696e7c623a313b757365725f69647c733a313a2231223b67726f75705f69647c733a313a2231223b6c616e67756167657c733a333a226e6570223b),
('469ecc968f3918c662dd1d415fb2fb7e913d1eb2', '::1', 1462166920, 0x5f5f63695f6c6173745f726567656e65726174657c693a313436323136363634353b7065726d697373696f6e7c4e3b6c6f676765645f696e7c623a313b757365725f69647c733a313a2231223b67726f75705f69647c733a313a2231223b6c616e67756167657c733a333a226e6570223b),
('46d62492f1bb0c403b9f674ed54809b5725e42e4', '::1', 1462270295, 0x5f5f63695f6c6173745f726567656e65726174657c693a313436323237303239353b7065726d697373696f6e7c4e3b6c6f676765645f696e7c623a313b757365725f69647c733a313a2231223b67726f75705f69647c733a313a2231223b6c616e67756167657c733a333a226e6570223b),
('471efbdeb0b278b805a3f7821ae392eb09a80b90', '::1', 1462518842, 0x5f5f63695f6c6173745f726567656e65726174657c693a313436323531383834323b7065726d697373696f6e7c4e3b6c6f676765645f696e7c623a313b757365725f69647c733a313a2231223b67726f75705f69647c733a313a2231223b6c616e67756167657c733a333a22656e67223b),
('475af6cd07672a714da448b2e4c6760cc9220257', '::1', 1462185824, 0x5f5f63695f6c6173745f726567656e65726174657c693a313436323138353832343b7065726d697373696f6e7c4e3b6c6f676765645f696e7c623a313b757365725f69647c733a313a2231223b67726f75705f69647c733a313a2231223b6c616e67756167657c733a333a226e6570223b),
('47f4985d986013b54ee59a8a039a3d30909bf0c8', '::1', 1461752584, 0x5f5f63695f6c6173745f726567656e65726174657c693a313436313735323435343b7065726d697373696f6e7c4e3b6c6f676765645f696e7c623a313b757365725f69647c733a313a2231223b67726f75705f69647c733a313a2231223b6c616e67756167657c733a333a226e6570223b),
('48794a9ac6a4aea82a91f6d0102307ff9b15a1ae', '::1', 1462790388, 0x5f5f63695f6c6173745f726567656e65726174657c693a313436323739303338383b),
('48f98969c854d7cded7dfa6c9023ce03058d7b68', '::1', 1462180351, 0x5f5f63695f6c6173745f726567656e65726174657c693a313436323138303039363b7065726d697373696f6e7c4e3b6c6f676765645f696e7c623a313b757365725f69647c733a313a2231223b67726f75705f69647c733a313a2231223b6c616e67756167657c733a333a226e6570223b),
('495fc26e0c3fae3c9a2ef1b72a6157cea7446e9c', '::1', 1461665305, 0x5f5f63695f6c6173745f726567656e65726174657c693a313436313636353330353b7065726d697373696f6e7c4e3b6c6f676765645f696e7c623a313b757365725f69647c733a313a2231223b67726f75705f69647c733a313a2231223b6c616e67756167657c733a333a226e6570223b),
('4a5f32a6b0334036c95058fabec924c777001dc8', '::1', 1461551451, 0x5f5f63695f6c6173745f726567656e65726174657c693a313436313535313338383b7065726d697373696f6e7c4e3b6c6f676765645f696e7c623a313b757365725f69647c733a313a2231223b67726f75705f69647c733a313a2231223b6c616e67756167657c733a333a226e6570223b),
('4b762b3dc48ab78bf01cbddd9e4c0e0966316b8c', '::1', 1462175140, 0x5f5f63695f6c6173745f726567656e65726174657c693a313436323137343836343b7065726d697373696f6e7c4e3b6c6f676765645f696e7c623a313b757365725f69647c733a313a2231223b67726f75705f69647c733a313a2231223b6c616e67756167657c733a333a226e6570223b),
('4bbbd0e134d0b43d00cd28dd21e53b14ff87d5d9', '::1', 1462518841, 0x5f5f63695f6c6173745f726567656e65726174657c693a313436323531383534313b7065726d697373696f6e7c4e3b6c6f676765645f696e7c623a313b757365725f69647c733a313a2231223b67726f75705f69647c733a313a2231223b6c616e67756167657c733a333a22656e67223b),
('4c6b949a299f1954a7bbadc45102ed3222fb3abf', '::1', 1462346198, 0x5f5f63695f6c6173745f726567656e65726174657c693a313436323334363139373b7065726d697373696f6e7c4e3b6c6f676765645f696e7c623a313b757365725f69647c733a313a2231223b67726f75705f69647c733a313a2231223b6c616e67756167657c733a333a22656e67223b),
('4ccdd734450218e19b873bc3382d51e153e826f2', '::1', 1461673931, 0x5f5f63695f6c6173745f726567656e65726174657c693a313436313637333837333b7065726d697373696f6e7c4e3b6c6f676765645f696e7c623a313b757365725f69647c733a313a2231223b67726f75705f69647c733a313a2231223b6c616e67756167657c733a333a226e6570223b),
('4d4884d1e289733aef941692bd9543e549528bf6', '::1', 1462186841, 0x5f5f63695f6c6173745f726567656e65726174657c693a313436323138363537333b7065726d697373696f6e7c4e3b6c6f676765645f696e7c623a313b757365725f69647c733a313a2231223b67726f75705f69647c733a313a2231223b6c616e67756167657c733a333a226e6570223b),
('4ddd1d10fdb8e6b51361ebb040d77ec59238775e', '::1', 1461920782, 0x5f5f63695f6c6173745f726567656e65726174657c693a313436313932303438373b7065726d697373696f6e7c4e3b6c6f676765645f696e7c623a313b757365725f69647c733a313a2231223b67726f75705f69647c733a313a2231223b6c616e67756167657c733a333a226e6570223b),
('4e3fb85efba53e19b94c0d23a503130c36ff09f0', '::1', 1461315229, 0x5f5f63695f6c6173745f726567656e65726174657c693a313436313331353232333b7065726d697373696f6e7c4e3b6c6f676765645f696e7c623a313b757365725f69647c733a313a2231223b67726f75705f69647c733a313a2231223b6c616e67756167657c733a333a226e6570223b),
('4e74e917296aeeb376aa8a03b38c8aca4e8324ec', '::1', 1461671952, 0x5f5f63695f6c6173745f726567656e65726174657c693a313436313637313932343b7065726d697373696f6e7c4e3b6c6f676765645f696e7c623a313b757365725f69647c733a313a2231223b67726f75705f69647c733a313a2231223b6c616e67756167657c733a333a226e6570223b),
('4ec33e99605362a86d9065af04a09bf7aafcfc50', '::1', 1463384656, 0x5f5f63695f6c6173745f726567656e65726174657c693a313436333338343533373b6c6f676765645f696e7c623a313b757365725f69647c733a313a2231223b67726f75705f69647c733a313a2231223b7065726d697373696f6e7c4e3b),
('4ed3d5c644165a5df1c35005588194a48e0b307a', '::1', 1461665216, 0x5f5f63695f6c6173745f726567656e65726174657c693a313436313636343936383b7065726d697373696f6e7c4e3b6c6f676765645f696e7c623a313b757365725f69647c733a313a2231223b67726f75705f69647c733a313a2231223b6c616e67756167657c733a333a226e6570223b),
('4fb060b1c7012e7ee4118caf86efda4690c96e4f', '::1', 1461742924, 0x5f5f63695f6c6173745f726567656e65726174657c693a313436313734323733313b7065726d697373696f6e7c4e3b6c6f676765645f696e7c623a313b757365725f69647c733a313a2231223b67726f75705f69647c733a313a2231223b6c616e67756167657c733a333a226e6570223b),
('50ca20f69af98dec13c5f70d18c821f697aa7f8b', '::1', 1461061330, 0x5f5f63695f6c6173745f726567656e65726174657c693a313436313036313138333b7065726d697373696f6e7c4e3b6c6f676765645f696e7c623a313b757365725f69647c733a313a2231223b67726f75705f69647c733a313a2231223b6c616e67756167657c733a333a22656e67223b),
('5128c1a37d5058749e5abab65e826544b9bfcc73', '::1', 1461062171, 0x5f5f63695f6c6173745f726567656e65726174657c693a313436313036313931333b7065726d697373696f6e7c4e3b6c6f676765645f696e7c623a313b757365725f69647c733a313a2231223b67726f75705f69647c733a313a2231223b6c616e67756167657c733a333a226e6570223b),
('52d421a7dc8e20c98c80ce529e0e7d0171cf10d4', '::1', 1462185823, 0x5f5f63695f6c6173745f726567656e65726174657c693a313436323138353532333b7065726d697373696f6e7c4e3b6c6f676765645f696e7c623a313b757365725f69647c733a313a2231223b67726f75705f69647c733a313a2231223b6c616e67756167657c733a333a226e6570223b),
('52e31ac648f1e0f271cd9c2ccd8cf08c95c600f9', '::1', 1461917342, 0x5f5f63695f6c6173745f726567656e65726174657c693a313436313931373334313b7065726d697373696f6e7c4e3b6c6f676765645f696e7c623a313b757365725f69647c733a313a2231223b67726f75705f69647c733a313a2231223b6c616e67756167657c733a333a226e6570223b),
('5335591dd1436e7fd339d288aa5475a95e8c440c', '::1', 1461741692, 0x5f5f63695f6c6173745f726567656e65726174657c693a313436313734313438373b7065726d697373696f6e7c4e3b6c6f676765645f696e7c623a313b757365725f69647c733a313a2231223b67726f75705f69647c733a313a2231223b6c616e67756167657c733a333a226e6570223b),
('545358d0edbc8ce144653783986f52d055fd4792', '::1', 1461833395, 0x5f5f63695f6c6173745f726567656e65726174657c693a313436313833333235343b7065726d697373696f6e7c4e3b6c6f676765645f696e7c623a313b757365725f69647c733a313a2231223b67726f75705f69647c733a313a2231223b6c616e67756167657c733a333a226e6570223b),
('560f2b8542fb08064d4dd501185ed7b109a4754e', '::1', 1462526387, 0x5f5f63695f6c6173745f726567656e65726174657c693a313436323532363338373b7065726d697373696f6e7c4e3b6c6f676765645f696e7c623a313b757365725f69647c733a313a2231223b67726f75705f69647c733a313a2231223b6c616e67756167657c733a333a22656e67223b),
('568f4ecab285638e9bab7371ea8ef3443455c3af', '::1', 1461053514, 0x5f5f63695f6c6173745f726567656e65726174657c693a313436313035333237353b7065726d697373696f6e7c4e3b6c6f676765645f696e7c623a313b757365725f69647c733a313a2231223b67726f75705f69647c733a313a2231223b),
('573c316c6bb9f95458ce95111ada027bf01c607a', '::1', 1463135535, 0x5f5f63695f6c6173745f726567656e65726174657c693a313436333133353432393b6c6f676765645f696e7c623a313b757365725f69647c733a313a2231223b67726f75705f69647c733a313a2231223b7065726d697373696f6e7c4e3b),
('57f0bf8209114c5753d20072e9d557fc26d9b188', '::1', 1462270296, 0x5f5f63695f6c6173745f726567656e65726174657c693a313436323237303239363b7065726d697373696f6e7c4e3b6c6f676765645f696e7c623a313b757365725f69647c733a313a2231223b67726f75705f69647c733a313a2231223b6c616e67756167657c733a333a226e6570223b),
('580f971f7c0b22bfe2602679c558aba2ee1b6fde', '::1', 1461920319, 0x5f5f63695f6c6173745f726567656e65726174657c693a313436313932303034323b7065726d697373696f6e7c4e3b6c6f676765645f696e7c623a313b757365725f69647c733a313a2231223b67726f75705f69647c733a313a2231223b6c616e67756167657c733a333a226e6570223b),
('58284156cc68ad03abfde741fc119a8da4c48f7c', '::1', 1461051903, 0x5f5f63695f6c6173745f726567656e65726174657c693a313436313035313930333b7065726d697373696f6e7c4e3b6c6f676765645f696e7c623a313b757365725f69647c733a313a2231223b67726f75705f69647c733a313a2231223b),
('5aac2fec81b2efbd501028fc86d1e9a958adb5bb', '::1', 1461583293, 0x5f5f63695f6c6173745f726567656e65726174657c693a313436313538333239323b7065726d697373696f6e7c4e3b6c6f676765645f696e7c623a313b757365725f69647c733a313a2231223b67726f75705f69647c733a313a2231223b6c616e67756167657c733a333a226e6570223b),
('5ae5d2760634a69509062c4890eab4fe9524d1e5', '::1', 1462270294, 0x5f5f63695f6c6173745f726567656e65726174657c693a313436323237303239343b7065726d697373696f6e7c4e3b6c6f676765645f696e7c623a313b757365725f69647c733a313a2231223b67726f75705f69647c733a313a2231223b6c616e67756167657c733a333a226e6570223b),
('5b659a575f23c05969767527367e35f0f0a6688b', '::1', 1461829416, 0x5f5f63695f6c6173745f726567656e65726174657c693a313436313832393132363b7065726d697373696f6e7c4e3b6c6f676765645f696e7c623a313b757365725f69647c733a313a2231223b67726f75705f69647c733a313a2231223b6c616e67756167657c733a333a226e6570223b),
('5b84afa12268e9651548a359d670536d8644f6ca', '::1', 1461569076, 0x5f5f63695f6c6173745f726567656e65726174657c693a313436313536383738373b7065726d697373696f6e7c4e3b6c6f676765645f696e7c623a313b757365725f69647c733a313a2231223b67726f75705f69647c733a313a2231223b6c616e67756167657c733a333a226e6570223b),
('5bdd4a3c5d67496240ab523087c66faa824034f9', '::1', 1461652227, 0x5f5f63695f6c6173745f726567656e65726174657c693a313436313635323232333b7065726d697373696f6e7c4e3b6c6f676765645f696e7c623a313b757365725f69647c733a313a2231223b67726f75705f69647c733a313a2231223b6c616e67756167657c733a333a226e6570223b),
('5cae7e387ee2c5b6bbb2863223546db49ebf6413', '::1', 1464090514, 0x5f5f63695f6c6173745f726567656e65726174657c693a313436343039303439303b6c6f676765645f696e7c623a313b757365725f69647c733a313a2231223b67726f75705f69647c733a313a2231223b7065726d697373696f6e7c4e3b),
('5cccdffd2439e2fd660200b027db688c5130ca17', '::1', 1462516741, 0x5f5f63695f6c6173745f726567656e65726174657c693a313436323531363435343b7065726d697373696f6e7c4e3b6c6f676765645f696e7c623a313b757365725f69647c733a313a2231223b67726f75705f69647c733a313a2231223b6c616e67756167657c733a333a22656e67223b),
('5d343d27a9046399273b96f5acca3e3a9563bff3', '::1', 1461655534, 0x5f5f63695f6c6173745f726567656e65726174657c693a313436313635353533343b7065726d697373696f6e7c4e3b6c6f676765645f696e7c623a313b757365725f69647c733a313a2231223b67726f75705f69647c733a313a2231223b6c616e67756167657c733a333a226e6570223b),
('5d60d3e1b7c41f80e4a20b228d1d7c658ba2923d', '::1', 1461667270, 0x5f5f63695f6c6173745f726567656e65726174657c693a313436313636373135333b7065726d697373696f6e7c4e3b6c6f676765645f696e7c623a313b757365725f69647c733a313a2231223b67726f75705f69647c733a313a2231223b6c616e67756167657c733a333a226e6570223b),
('5db48a0fcc118b798fc202eb27fc67c8a35f51c1', '::1', 1462270294, 0x5f5f63695f6c6173745f726567656e65726174657c693a313436323237303239343b7065726d697373696f6e7c4e3b6c6f676765645f696e7c623a313b757365725f69647c733a313a2231223b67726f75705f69647c733a313a2231223b6c616e67756167657c733a333a226e6570223b),
('5e032f2125654d33e4de00f6738f0c8bd8f608f0', '::1', 1462187604, 0x5f5f63695f6c6173745f726567656e65726174657c693a313436323138373331353b7065726d697373696f6e7c4e3b6c6f676765645f696e7c623a313b757365725f69647c733a313a2231223b67726f75705f69647c733a313a2231223b6c616e67756167657c733a333a226e6570223b),
('5e57538f26856306e91ecfc5cab9c9675c1083a5', '::1', 1462187166, 0x5f5f63695f6c6173745f726567656e65726174657c693a313436323138363839353b7065726d697373696f6e7c4e3b6c6f676765645f696e7c623a313b757365725f69647c733a313a2231223b67726f75705f69647c733a313a2231223b6c616e67756167657c733a333a226e6570223b),
('5fcca3f07e324e64a89a83a094e2d7bb6180dc6a', '::1', 1461581567, 0x5f5f63695f6c6173745f726567656e65726174657c693a313436313538313434313b7065726d697373696f6e7c4e3b6c6f676765645f696e7c623a313b757365725f69647c733a313a2231223b67726f75705f69647c733a313a2231223b6c616e67756167657c733a333a226e6570223b),
('604e3ebd80e16f1353f25ea229ec0fa0451edc8d', '::1', 1461578677, 0x5f5f63695f6c6173745f726567656e65726174657c693a313436313537383533383b7065726d697373696f6e7c4e3b6c6f676765645f696e7c623a313b757365725f69647c733a313a2231223b67726f75705f69647c733a313a2231223b6c616e67756167657c733a333a226e6570223b),
('618904dfaa8f359f657c660b10607023c34544fe', '::1', 1462270295, 0x5f5f63695f6c6173745f726567656e65726174657c693a313436323237303239353b7065726d697373696f6e7c4e3b6c6f676765645f696e7c623a313b757365725f69647c733a313a2231223b67726f75705f69647c733a313a2231223b6c616e67756167657c733a333a226e6570223b),
('622eb190ae7d89f60a983a69e43e47ca4e65d0db', '::1', 1461655535, 0x5f5f63695f6c6173745f726567656e65726174657c693a313436313635353533353b7065726d697373696f6e7c4e3b6c6f676765645f696e7c623a313b757365725f69647c733a313a2231223b67726f75705f69647c733a313a2231223b6c616e67756167657c733a333a226e6570223b),
('626393855074faff71a2179a6509d0770cc17b95', '::1', 1462185448, 0x5f5f63695f6c6173745f726567656e65726174657c693a313436323138353139343b7065726d697373696f6e7c4e3b6c6f676765645f696e7c623a313b757365725f69647c733a313a2231223b67726f75705f69647c733a313a2231223b6c616e67756167657c733a333a226e6570223b),
('62fb712418c1221c86e2cc01b92dc6fd31fe1fd2', '::1', 1461578125, 0x5f5f63695f6c6173745f726567656e65726174657c693a313436313537373835313b7065726d697373696f6e7c4e3b6c6f676765645f696e7c623a313b757365725f69647c733a313a2231223b67726f75705f69647c733a313a2231223b6c616e67756167657c733a333a226e6570223b),
('63d2d0dcf287efb38db279bdd86513dac90881d7', '::1', 1461655534, 0x5f5f63695f6c6173745f726567656e65726174657c693a313436313635353533343b7065726d697373696f6e7c4e3b6c6f676765645f696e7c623a313b757365725f69647c733a313a2231223b67726f75705f69647c733a313a2231223b6c616e67756167657c733a333a226e6570223b),
('640fae9a92c4c4fa75e18405b14aee30e44d7cc3', '::1', 1461058943, 0x5f5f63695f6c6173745f726567656e65726174657c693a313436313035383933393b7065726d697373696f6e7c4e3b6c6f676765645f696e7c623a313b757365725f69647c733a313a2231223b67726f75705f69647c733a313a2231223b),
('64d2e005e3a4ce0545918a1aed21a2c47f1127e8', '::1', 1461839470, 0x5f5f63695f6c6173745f726567656e65726174657c693a313436313833393232393b7065726d697373696f6e7c4e3b6c6f676765645f696e7c623a313b757365725f69647c733a313a2231223b67726f75705f69647c733a313a2231223b6c616e67756167657c733a333a226e6570223b),
('657b0abb613a94fcd0074646b295db3dd254c02e', '::1', 1464085093, 0x5f5f63695f6c6173745f726567656e65726174657c693a313436343038343830313b6c6f676765645f696e7c623a313b757365725f69647c733a313a2231223b67726f75705f69647c733a313a2231223b7065726d697373696f6e7c4e3b),
('65ec805780f30547f279030daa13763307b2835f', '::1', 1462790386, 0x5f5f63695f6c6173745f726567656e65726174657c693a313436323739303338363b),
('66c86304512a71d215de17ea5b76cd82fb742894', '::1', 1461655535, 0x5f5f63695f6c6173745f726567656e65726174657c693a313436313635353533353b7065726d697373696f6e7c4e3b6c6f676765645f696e7c623a313b757365725f69647c733a313a2231223b67726f75705f69647c733a313a2231223b6c616e67756167657c733a333a226e6570223b),
('67af282ceeec3e2a6e7a1306aaad0d0fa22ac442', '::1', 1462269150, 0x5f5f63695f6c6173745f726567656e65726174657c693a313436323236383935353b7065726d697373696f6e7c4e3b6c6f676765645f696e7c623a313b757365725f69647c733a313a2231223b67726f75705f69647c733a313a2231223b6c616e67756167657c733a333a226e6570223b),
('6939f8ef0a3d12b9f1d3ab0fe7b7f7cf4d4a7781', '::1', 1462274128, 0x5f5f63695f6c6173745f726567656e65726174657c693a313436323237333833333b7065726d697373696f6e7c4e3b6c6f676765645f696e7c623a313b757365725f69647c733a313a2231223b67726f75705f69647c733a313a2231223b6c616e67756167657c733a333a226e6570223b),
('6a4b26fb65a18cb627e8d693bc5c5d8543fb6ade', '::1', 1461655799, 0x5f5f63695f6c6173745f726567656e65726174657c693a313436313635353533353b7065726d697373696f6e7c4e3b6c6f676765645f696e7c623a313b757365725f69647c733a313a2231223b67726f75705f69647c733a313a2231223b6c616e67756167657c733a333a226e6570223b),
('6aff26a23a8ec4adbe95eeab9e66df18777581c7', '::1', 1461655532, 0x5f5f63695f6c6173745f726567656e65726174657c693a313436313635353533323b7065726d697373696f6e7c4e3b6c6f676765645f696e7c623a313b757365725f69647c733a313a2231223b67726f75705f69647c733a313a2231223b6c616e67756167657c733a333a226e6570223b),
('6b01757ad9aa59450924665508d1d610494e3ba1', '::1', 1461052577, 0x5f5f63695f6c6173745f726567656e65726174657c693a313436313035323330373b7065726d697373696f6e7c4e3b6c6f676765645f696e7c623a313b757365725f69647c733a313a2231223b67726f75705f69647c733a313a2231223b),
('6b7b4c324371a728edad511e5e60bcdc20236318', '::1', 1462520770, 0x5f5f63695f6c6173745f726567656e65726174657c693a313436323532303733373b7065726d697373696f6e7c4e3b6c6f676765645f696e7c623a313b757365725f69647c733a313a2231223b67726f75705f69647c733a313a2231223b6c616e67756167657c733a333a22656e67223b),
('6cd7ed3e03801213ef8f16a0adff91fe501f9017', '::1', 1463133329, 0x5f5f63695f6c6173745f726567656e65726174657c693a313436333133333034303b6c6f676765645f696e7c623a313b757365725f69647c733a313a2231223b67726f75705f69647c733a313a2231223b7065726d697373696f6e7c4e3b),
('6d7e1802ba6d5d2c005804fe87ba10b7ff78f01b', '::1', 1461671385, 0x5f5f63695f6c6173745f726567656e65726174657c693a313436313637313236393b7065726d697373696f6e7c4e3b6c6f676765645f696e7c623a313b757365725f69647c733a313a2231223b67726f75705f69647c733a313a2231223b6c616e67756167657c733a333a226e6570223b),
('6e04ceaed8deb39c18e8f7f55c652f121e3063a4', '::1', 1462519142, 0x5f5f63695f6c6173745f726567656e65726174657c693a313436323531383834333b7065726d697373696f6e7c4e3b6c6f676765645f696e7c623a313b757365725f69647c733a313a2231223b67726f75705f69647c733a313a2231223b6c616e67756167657c733a333a22656e67223b),
('6e3fd88d12e13c820aaf67be8e78cd5e78e258bf', '::1', 1462171205, 0x5f5f63695f6c6173745f726567656e65726174657c693a313436323137303934373b7065726d697373696f6e7c4e3b6c6f676765645f696e7c623a313b757365725f69647c733a313a2231223b67726f75705f69647c733a313a2231223b6c616e67756167657c733a333a226e6570223b),
('6eb024a981dfead905809cb31d8646943fab0ceb', '::1', 1461051903, 0x5f5f63695f6c6173745f726567656e65726174657c693a313436313035313930333b7065726d697373696f6e7c4e3b6c6f676765645f696e7c623a313b757365725f69647c733a313a2231223b67726f75705f69647c733a313a2231223b),
('6ed59e0820596fa275b7ffcdb29f8ec2c4e76a39', '::1', 1461834581, 0x5f5f63695f6c6173745f726567656e65726174657c693a313436313833343537353b7065726d697373696f6e7c4e3b6c6f676765645f696e7c623a313b757365725f69647c733a313a2231223b67726f75705f69647c733a313a2231223b6c616e67756167657c733a333a226e6570223b),
('6f30490cd11cacb804be5a9fc6dc3e58289a5861', '::1', 1461741316, 0x5f5f63695f6c6173745f726567656e65726174657c693a313436313734313032353b7065726d697373696f6e7c4e3b6c6f676765645f696e7c623a313b757365725f69647c733a313a2231223b67726f75705f69647c733a313a2231223b6c616e67756167657c733a333a226e6570223b),
('6f437ae6e5da8538a915db57117dc8a038056d05', '::1', 1462790389, 0x5f5f63695f6c6173745f726567656e65726174657c693a313436323739303338393b),
('6f916dbd45b434e0de124457e387d9642c46cf04', '::1', 1462790386, 0x5f5f63695f6c6173745f726567656e65726174657c693a313436323739303338363b),
('7038417b60ddaaf5a2e0d6e7d8aad88715a5548b', '::1', 1461569339, 0x5f5f63695f6c6173745f726567656e65726174657c693a313436313536393230363b7065726d697373696f6e7c4e3b6c6f676765645f696e7c623a313b757365725f69647c733a313a2231223b67726f75705f69647c733a313a2231223b6c616e67756167657c733a333a226e6570223b),
('707a32f6118e10f373f064d6de0efa3120217055', '::1', 1462266339, 0x5f5f63695f6c6173745f726567656e65726174657c693a313436323236363131323b7065726d697373696f6e7c4e3b6c6f676765645f696e7c623a313b757365725f69647c733a313a2231223b67726f75705f69647c733a313a2231223b6c616e67756167657c733a333a226e6570223b),
('70a4950a4f9254e9e06aded4b4050eabd004f091', '::1', 1461664380, 0x5f5f63695f6c6173745f726567656e65726174657c693a313436313636343337363b7065726d697373696f6e7c4e3b6c6f676765645f696e7c623a313b757365725f69647c733a313a2231223b67726f75705f69647c733a313a2231223b6c616e67756167657c733a333a226e6570223b),
('7284c46fb02dc6069fa1807e076c27f578249f0b', '::1', 1462260534, 0x5f5f63695f6c6173745f726567656e65726174657c693a313436323236303436313b7065726d697373696f6e7c4e3b6c6f676765645f696e7c623a313b757365725f69647c733a313a2231223b67726f75705f69647c733a313a2231223b6c616e67756167657c733a333a226e6570223b),
('72a269d137ebed2ed5ece6176818aef8adf1a064', '::1', 1462518843, 0x5f5f63695f6c6173745f726567656e65726174657c693a313436323531383834323b7065726d697373696f6e7c4e3b6c6f676765645f696e7c623a313b757365725f69647c733a313a2231223b67726f75705f69647c733a313a2231223b6c616e67756167657c733a333a22656e67223b),
('72cf08e145d4747f7eaed0cad9dc037b76822608', '::1', 1461584936, 0x5f5f63695f6c6173745f726567656e65726174657c693a313436313538343932343b7065726d697373696f6e7c4e3b6c6f676765645f696e7c623a313b757365725f69647c733a313a2231223b67726f75705f69647c733a313a2231223b6c616e67756167657c733a333a226e6570223b),
('734556ee0f36176ecf1c55af85ed2e327aed1a48', '::1', 1461743869, 0x5f5f63695f6c6173745f726567656e65726174657c693a313436313734333639303b7065726d697373696f6e7c4e3b6c6f676765645f696e7c623a313b757365725f69647c733a313a2231223b67726f75705f69647c733a313a2231223b6c616e67756167657c733a333a226e6570223b),
('7354bf90f1b0ca27f224ba8ee20fcc88467b2057', '::1', 1461058338, 0x5f5f63695f6c6173745f726567656e65726174657c693a313436313035383238343b7065726d697373696f6e7c4e3b6c6f676765645f696e7c623a313b757365725f69647c733a313a2231223b67726f75705f69647c733a313a2231223b);
INSERT INTO `ci_sessions` (`id`, `ip_address`, `timestamp`, `data`) VALUES
('73823682cb5ffa6ef9a45ece5418e3b7d669bd6a', '::1', 1461655532, 0x5f5f63695f6c6173745f726567656e65726174657c693a313436313635353533323b7065726d697373696f6e7c4e3b6c6f676765645f696e7c623a313b757365725f69647c733a313a2231223b67726f75705f69647c733a313a2231223b6c616e67756167657c733a333a226e6570223b),
('756aaef68c1e65bd63df8d26ef4bf1cd60623ef3', '::1', 1461578392, 0x5f5f63695f6c6173745f726567656e65726174657c693a313436313537383230383b7065726d697373696f6e7c4e3b6c6f676765645f696e7c623a313b757365725f69647c733a313a2231223b67726f75705f69647c733a313a2231223b6c616e67756167657c733a333a226e6570223b),
('7612dbe190d9c505b18ab2ad5828c03c4e8e97a6', '::1', 1462260275, 0x5f5f63695f6c6173745f726567656e65726174657c693a313436323236303039393b7065726d697373696f6e7c4e3b6c6f676765645f696e7c623a313b757365725f69647c733a313a2231223b67726f75705f69647c733a313a2231223b6c616e67756167657c733a333a226e6570223b6f7065726174696f6e7c733a32333a2255706461746564205375636365737366756c6c79212121223b5f5f63695f766172737c613a313a7b733a393a226f7065726174696f6e223b733a333a226e6577223b7d),
('767316eb88bf75dc888d39c059b4e9e97db5183b', '::1', 1461561579, 0x5f5f63695f6c6173745f726567656e65726174657c693a313436313536313336323b7065726d697373696f6e7c4e3b6c6f676765645f696e7c623a313b757365725f69647c733a313a2231223b67726f75705f69647c733a313a2231223b6c616e67756167657c733a333a226e6570223b),
('76fdf986602632e05d579c945eef802f444e3ec5', '::1', 1461742486, 0x5f5f63695f6c6173745f726567656e65726174657c693a313436313734323332333b7065726d697373696f6e7c4e3b6c6f676765645f696e7c623a313b757365725f69647c733a313a2231223b67726f75705f69647c733a313a2231223b6c616e67756167657c733a333a226e6570223b),
('77ec176bec8eb54c70062897856e3ff76a630738', '::1', 1462168867, 0x5f5f63695f6c6173745f726567656e65726174657c693a313436323136383830313b7065726d697373696f6e7c4e3b6c6f676765645f696e7c623a313b757365725f69647c733a313a2231223b67726f75705f69647c733a313a2231223b6c616e67756167657c733a333a226e6570223b),
('78445dfd0b21bac427ada92f694699255bb33267', '::1', 1461924046, 0x5f5f63695f6c6173745f726567656e65726174657c693a313436313932343030323b7065726d697373696f6e7c4e3b6c6f676765645f696e7c623a313b757365725f69647c733a313a2231223b67726f75705f69647c733a313a2231223b6c616e67756167657c733a333a226e6570223b),
('786d42333f6a14daf43acf11136be8ea8a7cdb4c', '::1', 1462173179, 0x5f5f63695f6c6173745f726567656e65726174657c693a313436323137323933323b7065726d697373696f6e7c4e3b6c6f676765645f696e7c623a313b757365725f69647c733a313a2231223b67726f75705f69647c733a313a2231223b6c616e67756167657c733a333a226e6570223b),
('7890842a56833566016e75b3110fd54f4cc894bd', '::1', 1462790389, 0x5f5f63695f6c6173745f726567656e65726174657c693a313436323739303338393b),
('78ff59d16fad034911eafa019cb15aaf861f17a7', '::1', 1461058053, 0x5f5f63695f6c6173745f726567656e65726174657c693a313436313035373933353b7065726d697373696f6e7c4e3b6c6f676765645f696e7c623a313b757365725f69647c733a313a2231223b67726f75705f69647c733a313a2231223b),
('792edf124daa7d9fdab8153421576d2d968a23a2', '::1', 1461056548, 0x5f5f63695f6c6173745f726567656e65726174657c693a313436313035363437383b7065726d697373696f6e7c4e3b6c6f676765645f696e7c623a313b757365725f69647c733a313a2231223b67726f75705f69647c733a313a2231223b),
('796f8d147bdb3cee86702fecead3b46c78676415', '::1', 1461842737, 0x5f5f63695f6c6173745f726567656e65726174657c693a313436313834323733323b7065726d697373696f6e7c4e3b6c6f676765645f696e7c623a313b757365725f69647c733a313a2231223b67726f75705f69647c733a313a2231223b6c616e67756167657c733a333a226e6570223b),
('79c271d15dd939c55388d5712c152a1c0603270c', '::1', 1461655535, 0x5f5f63695f6c6173745f726567656e65726174657c693a313436313635353533353b7065726d697373696f6e7c4e3b6c6f676765645f696e7c623a313b757365725f69647c733a313a2231223b67726f75705f69647c733a313a2231223b6c616e67756167657c733a333a226e6570223b),
('7a15b51a010f660f9c501ca7779907b42744564f', '::1', 1462269351, 0x5f5f63695f6c6173745f726567656e65726174657c693a313436323236393335313b7065726d697373696f6e7c4e3b6c6f676765645f696e7c623a313b757365725f69647c733a313a2231223b67726f75705f69647c733a313a2231223b6c616e67756167657c733a333a226e6570223b),
('7abe59a3bcd4e7308f7885adac12fbec61a52d4e', '::1', 1461655532, 0x5f5f63695f6c6173745f726567656e65726174657c693a313436313635353533323b7065726d697373696f6e7c4e3b6c6f676765645f696e7c623a313b757365725f69647c733a313a2231223b67726f75705f69647c733a313a2231223b6c616e67756167657c733a333a226e6570223b),
('7b5ab3ba70b4c4f7be8789e5e6c09b6b65c1fb1f', '::1', 1461051902, 0x5f5f63695f6c6173745f726567656e65726174657c693a313436313035313930323b7065726d697373696f6e7c4e3b6c6f676765645f696e7c623a313b757365725f69647c733a313a2231223b67726f75705f69647c733a313a2231223b),
('7b67bc531a29371eb751badc87294aafeb80546e', '::1', 1462168180, 0x5f5f63695f6c6173745f726567656e65726174657c693a313436323136373933353b7065726d697373696f6e7c4e3b6c6f676765645f696e7c623a313b757365725f69647c733a313a2231223b67726f75705f69647c733a313a2231223b6c616e67756167657c733a333a226e6570223b),
('7c11ad5cc056f127432bf7df3ab884721775cd93', '::1', 1461051499, 0x5f5f63695f6c6173745f726567656e65726174657c693a313436313035313239383b7065726d697373696f6e7c4e3b6c6f676765645f696e7c623a313b757365725f69647c733a313a2231223b67726f75705f69647c733a313a2231223b),
('7ed808b565ec3df30d750ced9f1d14b37100139e', '::1', 1462169479, 0x5f5f63695f6c6173745f726567656e65726174657c693a313436323136393437383b7065726d697373696f6e7c4e3b6c6f676765645f696e7c623a313b757365725f69647c733a313a2231223b67726f75705f69647c733a313a2231223b6c616e67756167657c733a333a226e6570223b),
('7f0cb7ef5c9ed1468a9fa4d85c46aa595fe90da2', '::1', 1462187813, 0x5f5f63695f6c6173745f726567656e65726174657c693a313436323138373632323b7065726d697373696f6e7c4e3b6c6f676765645f696e7c623a313b757365725f69647c733a313a2231223b67726f75705f69647c733a313a2231223b6c616e67756167657c733a333a226e6570223b6f7065726174696f6e7c733a32333a2255706461746564205375636365737366756c6c79212121223b5f5f63695f766172737c613a313a7b733a393a226f7065726174696f6e223b733a333a226e6577223b7d),
('8042c94cb50578a002d8a351c81f3d0ad298cf5e', '::1', 1462790386, 0x5f5f63695f6c6173745f726567656e65726174657c693a313436323739303338363b),
('804c8aaacd4c8a7af47731a40e6b63c33e345b74', '::1', 1462518122, 0x5f5f63695f6c6173745f726567656e65726174657c693a313436323531373836313b7065726d697373696f6e7c4e3b6c6f676765645f696e7c623a313b757365725f69647c733a313a2231223b67726f75705f69647c733a313a2231223b6c616e67756167657c733a333a22656e67223b),
('80861cf300eed2ec33849d6ad711e71336dd94da', '::1', 1463640264, 0x5f5f63695f6c6173745f726567656e65726174657c693a313436333634303234373b6c6f676765645f696e7c623a313b757365725f69647c733a313a2231223b67726f75705f69647c733a313a2231223b7065726d697373696f6e7c4e3b),
('80bb4e7b5c1748bfec1deed8a770e3c8e6e47102', '::1', 1462790389, 0x5f5f63695f6c6173745f726567656e65726174657c693a313436323739303338383b),
('8126c5f1e33bfc821691833117b926db9984bc7f', '::1', 1462347413, 0x5f5f63695f6c6173745f726567656e65726174657c693a313436323334373138363b7065726d697373696f6e7c4e3b6c6f676765645f696e7c623a313b757365725f69647c733a313a2231223b67726f75705f69647c733a313a2231223b6c616e67756167657c733a333a22656e67223b),
('821fda6d7e3fe3ea9f8186db2e975fa3b5a93070', '::1', 1461740932, 0x5f5f63695f6c6173745f726567656e65726174657c693a313436313734303731333b7065726d697373696f6e7c4e3b6c6f676765645f696e7c623a313b757365725f69647c733a313a2231223b67726f75705f69647c733a313a2231223b6c616e67756167657c733a333a226e6570223b),
('82bb359ded71ce8543700d00d2f23685b55163ed', '::1', 1461564684, 0x5f5f63695f6c6173745f726567656e65726174657c693a313436313536343433363b7065726d697373696f6e7c4e3b6c6f676765645f696e7c623a313b757365725f69647c733a313a2231223b67726f75705f69647c733a313a2231223b6c616e67756167657c733a333a226e6570223b),
('8347e4029a65a68c2aa3d70112433f3075014b5f', '::1', 1462789796, 0x5f5f63695f6c6173745f726567656e65726174657c693a313436323738393637383b6c6f676765645f696e7c623a313b757365725f69647c733a313a2231223b67726f75705f69647c733a313a2231223b7065726d697373696f6e7c4e3b),
('8381ded00fb31fddbebfccc13b9e114a2b3af857', '::1', 1462274832, 0x5f5f63695f6c6173745f726567656e65726174657c693a313436323237343635343b7065726d697373696f6e7c4e3b6c6f676765645f696e7c623a313b757365725f69647c733a313a2231223b67726f75705f69647c733a313a2231223b6c616e67756167657c733a333a22656e67223b),
('83ad7685650770dbf9ca149e909568da886b442c', '::1', 1462181133, 0x5f5f63695f6c6173745f726567656e65726174657c693a313436323138303930313b7065726d697373696f6e7c4e3b6c6f676765645f696e7c623a313b757365725f69647c733a313a2231223b67726f75705f69647c733a313a2231223b6c616e67756167657c733a333a226e6570223b),
('85516345f9084320ebfc5b903c860dad4063cefa', '::1', 1461655532, 0x5f5f63695f6c6173745f726567656e65726174657c693a313436313635353533323b7065726d697373696f6e7c4e3b6c6f676765645f696e7c623a313b757365725f69647c733a313a2231223b67726f75705f69647c733a313a2231223b6c616e67756167657c733a333a226e6570223b),
('85768b74d604fb12368b715ede47f8bb1b292f54', '::1', 1461051251, 0x5f5f63695f6c6173745f726567656e65726174657c693a313436313035303939373b7065726d697373696f6e7c4e3b6c6f676765645f696e7c623a313b757365725f69647c733a313a2231223b67726f75705f69647c733a313a2231223b),
('8592c48b4f65c3d5be7207902040ce82615314c6', '::1', 1462267610, 0x5f5f63695f6c6173745f726567656e65726174657c693a313436323236373432373b7065726d697373696f6e7c4e3b6c6f676765645f696e7c623a313b757365725f69647c733a313a2231223b67726f75705f69647c733a313a2231223b6c616e67756167657c733a333a226e6570223b),
('8656d6143a08a55e024529fcdc9ea22645bbc918', '::1', 1461661436, 0x5f5f63695f6c6173745f726567656e65726174657c693a313436313636313431363b7065726d697373696f6e7c4e3b6c6f676765645f696e7c623a313b757365725f69647c733a313a2231223b67726f75705f69647c733a313a2231223b6c616e67756167657c733a333a226e6570223b),
('882f47052478f6c4335c17fc03ec39b8d4f197cb', '::1', 1461842600, 0x5f5f63695f6c6173745f726567656e65726174657c693a313436313834323330373b7065726d697373696f6e7c4e3b6c6f676765645f696e7c623a313b757365725f69647c733a313a2231223b67726f75705f69647c733a313a2231223b6c616e67756167657c733a333a226e6570223b),
('8850d230dc59acbd5516fb4c9b80c83fda158392', '::1', 1461672518, 0x5f5f63695f6c6173745f726567656e65726174657c693a313436313637323238343b7065726d697373696f6e7c4e3b6c6f676765645f696e7c623a313b757365725f69647c733a313a2231223b67726f75705f69647c733a313a2231223b6c616e67756167657c733a333a226e6570223b),
('888737e8fa2f57b9cd344b67b5d063735f36b112', '::1', 1462519194, 0x5f5f63695f6c6173745f726567656e65726174657c693a313436323531393134373b7065726d697373696f6e7c4e3b6c6f676765645f696e7c623a313b757365725f69647c733a313a2231223b67726f75705f69647c733a313a2231223b6c616e67756167657c733a333a22656e67223b),
('888e7620abb33e794c21bca9412b1099f6d01936', '::1', 1462518843, 0x5f5f63695f6c6173745f726567656e65726174657c693a313436323531383834333b7065726d697373696f6e7c4e3b6c6f676765645f696e7c623a313b757365725f69647c733a313a2231223b67726f75705f69647c733a313a2231223b6c616e67756167657c733a333a22656e67223b),
('89a3d797820a08a547adb053d7e04aa2ce4fee9b', '::1', 1462790389, 0x5f5f63695f6c6173745f726567656e65726174657c693a313436323739303338393b),
('8abc0cfafed216a87ff393c9c6efca9b52fbdff7', '::1', 1461566864, 0x5f5f63695f6c6173745f726567656e65726174657c693a313436313536363836303b7065726d697373696f6e7c4e3b6c6f676765645f696e7c623a313b757365725f69647c733a313a2231223b67726f75705f69647c733a313a2231223b6c616e67756167657c733a333a226e6570223b),
('8acf7377c342ee438116a1658aa4cc713a77f094', '::1', 1462515422, 0x5f5f63695f6c6173745f726567656e65726174657c693a313436323531353134353b7065726d697373696f6e7c4e3b6c6f676765645f696e7c623a313b757365725f69647c733a313a2231223b67726f75705f69647c733a313a2231223b6c616e67756167657c733a333a22656e67223b),
('8b435fbe517674602ad35c665f345c12863499a1', '::1', 1461841357, 0x5f5f63695f6c6173745f726567656e65726174657c693a313436313834313335363b7065726d697373696f6e7c4e3b6c6f676765645f696e7c623a313b757365725f69647c733a313a2231223b67726f75705f69647c733a313a2231223b6c616e67756167657c733a333a226e6570223b),
('8b71e78fbd0d2c4c60b03be0fc03db9aa124b4ea', '::1', 1461750270, 0x5f5f63695f6c6173745f726567656e65726174657c693a313436313735303237303b7065726d697373696f6e7c4e3b6c6f676765645f696e7c623a313b757365725f69647c733a313a2231223b67726f75705f69647c733a313a2231223b6c616e67756167657c733a333a226e6570223b),
('8c06887c59fa735a9e949012290871c35e6c59eb', '::1', 1463390960, 0x5f5f63695f6c6173745f726567656e65726174657c693a313436333339303935353b6c6f676765645f696e7c623a313b757365725f69647c733a313a2231223b67726f75705f69647c733a313a2231223b7065726d697373696f6e7c4e3b),
('8d08f85aa78fa2d544642edc8e7b2f04f1c2b943', '::1', 1461743632, 0x5f5f63695f6c6173745f726567656e65726174657c693a313436313734333336383b7065726d697373696f6e7c4e3b6c6f676765645f696e7c623a313b757365725f69647c733a313a2231223b67726f75705f69647c733a313a2231223b6c616e67756167657c733a333a226e6570223b),
('8e0dafa47873a9533fef8fb41cc33fb0b816a3e1', '::1', 1462182961, 0x5f5f63695f6c6173745f726567656e65726174657c693a313436323138323730383b7065726d697373696f6e7c4e3b6c6f676765645f696e7c623a313b757365725f69647c733a313a2231223b67726f75705f69647c733a313a2231223b6c616e67756167657c733a333a226e6570223b6f7065726174696f6e7c733a32333a2255706461746564205375636365737366756c6c79212121223b5f5f63695f766172737c613a313a7b733a393a226f7065726174696f6e223b733a333a226e6577223b7d),
('8f8a9d43af093bef5ab1e1ba7539c17ecd4e79d9', '::1', 1462790386, 0x5f5f63695f6c6173745f726567656e65726174657c693a313436323739303338363b),
('90453a37f70622d1b7d90afd2d9ffb5dd42953ee', '::1', 1461051902, 0x5f5f63695f6c6173745f726567656e65726174657c693a313436313035313930323b7065726d697373696f6e7c4e3b6c6f676765645f696e7c623a313b757365725f69647c733a313a2231223b67726f75705f69647c733a313a2231223b),
('90fc1c4dac024d22fa3c1830a587c84411d98dc6', '::1', 1461052892, 0x5f5f63695f6c6173745f726567656e65726174657c693a313436313035323633323b7065726d697373696f6e7c4e3b6c6f676765645f696e7c623a313b757365725f69647c733a313a2231223b67726f75705f69647c733a313a2231223b),
('91690439b8216ab48f73a19c768dc7b60b72d16d', '::1', 1461057652, 0x5f5f63695f6c6173745f726567656e65726174657c693a313436313035373633303b7065726d697373696f6e7c4e3b6c6f676765645f696e7c623a313b757365725f69647c733a313a2231223b67726f75705f69647c733a313a2231223b),
('92c1eee5fc0b1fcd02c0ba9da6de8ef302a52685', '::1', 1462518842, 0x5f5f63695f6c6173745f726567656e65726174657c693a313436323531383834323b7065726d697373696f6e7c4e3b6c6f676765645f696e7c623a313b757365725f69647c733a313a2231223b67726f75705f69647c733a313a2231223b6c616e67756167657c733a333a22656e67223b),
('92db4cc0a40be188bf2673d6e81c1451ba8d19b6', '::1', 1462182201, 0x5f5f63695f6c6173745f726567656e65726174657c693a313436323138313933323b7065726d697373696f6e7c4e3b6c6f676765645f696e7c623a313b757365725f69647c733a313a2231223b67726f75705f69647c733a313a2231223b6c616e67756167657c733a333a226e6570223b),
('9398624f9d12f66182d571b3fb182ec64deae96e', '::1', 1461840688, 0x5f5f63695f6c6173745f726567656e65726174657c693a313436313834303339373b7065726d697373696f6e7c4e3b6c6f676765645f696e7c623a313b757365725f69647c733a313a2231223b67726f75705f69647c733a313a2231223b6c616e67756167657c733a333a226e6570223b),
('94116336b79ebc0348dd98dc51c9d559cb6df372', '::1', 1461655531, 0x5f5f63695f6c6173745f726567656e65726174657c693a313436313635353233313b7065726d697373696f6e7c4e3b6c6f676765645f696e7c623a313b757365725f69647c733a313a2231223b67726f75705f69647c733a313a2231223b6c616e67756167657c733a333a226e6570223b),
('94d3af2b11b100ffaa34a610877a368e56f2bee6', '::1', 1461654240, 0x5f5f63695f6c6173745f726567656e65726174657c693a313436313635343132313b7065726d697373696f6e7c4e3b6c6f676765645f696e7c623a313b757365725f69647c733a313a2231223b67726f75705f69647c733a313a2231223b6c616e67756167657c733a333a226e6570223b),
('956ed8e4bc0d908218b0e2dee2ab49e3907d90e4', '::1', 1461840368, 0x5f5f63695f6c6173745f726567656e65726174657c693a313436313834303038383b7065726d697373696f6e7c4e3b6c6f676765645f696e7c623a313b757365725f69647c733a313a2231223b67726f75705f69647c733a313a2231223b6c616e67756167657c733a333a226e6570223b),
('95cb2d5285d3458bcc9a916c5cb08a6d8707f3cc', '::1', 1462267329, 0x5f5f63695f6c6173745f726567656e65726174657c693a313436323236373037363b7065726d697373696f6e7c4e3b6c6f676765645f696e7c623a313b757365725f69647c733a313a2231223b67726f75705f69647c733a313a2231223b6c616e67756167657c733a333a226e6570223b),
('9602052735aab236cfa3ad2b40ab92dfbdf141ee', '::1', 1461739849, 0x5f5f63695f6c6173745f726567656e65726174657c693a313436313733393631313b7065726d697373696f6e7c4e3b6c6f676765645f696e7c623a313b757365725f69647c733a313a2231223b67726f75705f69647c733a313a2231223b6c616e67756167657c733a333a226e6570223b),
('96aacafa6e373567c3ea09130985db008a9cd391', '::1', 1462268108, 0x5f5f63695f6c6173745f726567656e65726174657c693a313436323236373833343b7065726d697373696f6e7c4e3b6c6f676765645f696e7c623a313b757365725f69647c733a313a2231223b67726f75705f69647c733a313a2231223b6c616e67756167657c733a333a226e6570223b),
('970470dd46bdc1bac82fc5b32131d93445e506e8', '::1', 1461747980, 0x5f5f63695f6c6173745f726567656e65726174657c693a313436313734373639313b7065726d697373696f6e7c4e3b6c6f676765645f696e7c623a313b757365725f69647c733a313a2231223b67726f75705f69647c733a313a2231223b6c616e67756167657c733a333a226e6570223b),
('973ef497e214b4fe3f40fb599f7604447137453d', '::1', 1461841292, 0x5f5f63695f6c6173745f726567656e65726174657c693a313436313834313033353b7065726d697373696f6e7c4e3b6c6f676765645f696e7c623a313b757365725f69647c733a313a2231223b67726f75705f69647c733a313a2231223b6c616e67756167657c733a333a226e6570223b),
('98fb1dbeedab39f90612f58c5684771b4f9ec4ad', '::1', 1461838851, 0x5f5f63695f6c6173745f726567656e65726174657c693a313436313833383632333b7065726d697373696f6e7c4e3b6c6f676765645f696e7c623a313b757365725f69647c733a313a2231223b67726f75705f69647c733a313a2231223b6c616e67756167657c733a333a226e6570223b),
('98fcf1818044a5b94c6a5970ed71e77789577fbc', '::1', 1461669291, 0x5f5f63695f6c6173745f726567656e65726174657c693a313436313636393239313b7065726d697373696f6e7c4e3b6c6f676765645f696e7c623a313b757365725f69647c733a313a2231223b67726f75705f69647c733a313a2231223b6c616e67756167657c733a333a226e6570223b),
('992c2d6ac0b48c558460eae9675b40659664af25', '::1', 1464084733, 0x5f5f63695f6c6173745f726567656e65726174657c693a313436343038343439393b6c6f676765645f696e7c623a313b757365725f69647c733a313a2231223b67726f75705f69647c733a313a2231223b7065726d697373696f6e7c4e3b),
('9aed94712edb6e162be6bf606b4b16802302bba4', '::1', 1463134812, 0x5f5f63695f6c6173745f726567656e65726174657c693a313436333133343531343b6c6f676765645f696e7c623a313b757365725f69647c733a313a2231223b67726f75705f69647c733a313a2231223b7065726d697373696f6e7c4e3b),
('9b6e043ac5da0107abee42b059c0ab6f72f15bac', '::1', 1461748021, 0x5f5f63695f6c6173745f726567656e65726174657c693a313436313734383031363b7065726d697373696f6e7c4e3b6c6f676765645f696e7c623a313b757365725f69647c733a313a2231223b67726f75705f69647c733a313a2231223b6c616e67756167657c733a333a226e6570223b),
('9b6e5d137c02ac4ac3dc97fe2a9dd9223b045503', '::1', 1462790387, 0x5f5f63695f6c6173745f726567656e65726174657c693a313436323739303338373b),
('9cbfa757d837b509563bc97f053eb80f75ecd417', '::1', 1461580234, 0x5f5f63695f6c6173745f726567656e65726174657c693a313436313538303232353b7065726d697373696f6e7c4e3b6c6f676765645f696e7c623a313b757365725f69647c733a313a2231223b67726f75705f69647c733a313a2231223b6c616e67756167657c733a333a226e6570223b),
('9dcc368330e18cf2641facf4af040942f10e8207', '::1', 1462270294, 0x5f5f63695f6c6173745f726567656e65726174657c693a313436323237303239343b7065726d697373696f6e7c4e3b6c6f676765645f696e7c623a313b757365725f69647c733a313a2231223b67726f75705f69647c733a313a2231223b6c616e67756167657c733a333a226e6570223b),
('9dd78d4bdb9183e1d02dacc86bccb015ec8ae69d', '::1', 1461064007, 0x5f5f63695f6c6173745f726567656e65726174657c693a313436313036333837343b7065726d697373696f6e7c4e3b6c6f676765645f696e7c623a313b757365725f69647c733a313a2231223b67726f75705f69647c733a313a2231223b6c616e67756167657c733a333a22656e67223b),
('9ed496e4739a714e461c2c287e40525eb7f19cf6', '::1', 1462181847, 0x5f5f63695f6c6173745f726567656e65726174657c693a313436323138313631333b7065726d697373696f6e7c4e3b6c6f676765645f696e7c623a313b757365725f69647c733a313a2231223b67726f75705f69647c733a313a2231223b6c616e67756167657c733a333a226e6570223b),
('9f5bc166792b6ebd9e374cf631f00d9689e33845', '::1', 1462176199, 0x5f5f63695f6c6173745f726567656e65726174657c693a313436323137353933393b7065726d697373696f6e7c4e3b6c6f676765645f696e7c623a313b757365725f69647c733a313a2231223b67726f75705f69647c733a313a2231223b6c616e67756167657c733a333a226e6570223b),
('9f7bfcd9622f2f9567d88968901dea36d7857b50', '::1', 1461581178, 0x5f5f63695f6c6173745f726567656e65726174657c693a313436313538313132303b7065726d697373696f6e7c4e3b6c6f676765645f696e7c623a313b757365725f69647c733a313a2231223b67726f75705f69647c733a313a2231223b6c616e67756167657c733a333a226e6570223b),
('9fc72ba4b05491947d63d84beaf671b96ae76bcf', '::1', 1462175881, 0x5f5f63695f6c6173745f726567656e65726174657c693a313436323137353538323b7065726d697373696f6e7c4e3b6c6f676765645f696e7c623a313b757365725f69647c733a313a2231223b67726f75705f69647c733a313a2231223b6c616e67756167657c733a333a226e6570223b),
('9fd563718e8d8c3589925fb2752b0934b2bb9162', '::1', 1461652634, 0x5f5f63695f6c6173745f726567656e65726174657c693a313436313635323539333b7065726d697373696f6e7c4e3b6c6f676765645f696e7c623a313b757365725f69647c733a313a2231223b67726f75705f69647c733a313a2231223b6c616e67756167657c733a333a226e6570223b),
('a0d9fcd9e7e523e7c73b6d658b8355db70f2c5bb', '::1', 1461673857, 0x5f5f63695f6c6173745f726567656e65726174657c693a313436313637333536353b7065726d697373696f6e7c4e3b6c6f676765645f696e7c623a313b757365725f69647c733a313a2231223b67726f75705f69647c733a313a2231223b6c616e67756167657c733a333a226e6570223b),
('a11cf4b27505cd76baea8712f5e975c114b5c8a5', '::1', 1461561979, 0x5f5f63695f6c6173745f726567656e65726174657c693a313436313536313638323b7065726d697373696f6e7c4e3b6c6f676765645f696e7c623a313b757365725f69647c733a313a2231223b67726f75705f69647c733a313a2231223b6c616e67756167657c733a333a226e6570223b),
('a120926dab07f99c74c0b09e74ba3d8fedab474f', '::1', 1462790389, 0x5f5f63695f6c6173745f726567656e65726174657c693a313436323739303338393b),
('a3712cca5104c601de8675c30f3eb9fba577a44b', '::1', 1462181319, 0x5f5f63695f6c6173745f726567656e65726174657c693a313436323138313234373b7065726d697373696f6e7c4e3b6c6f676765645f696e7c623a313b757365725f69647c733a313a2231223b67726f75705f69647c733a313a2231223b6c616e67756167657c733a333a226e6570223b),
('a40ec17b7988936f17ac402c1d219713758f2913', '::1', 1462182437, 0x5f5f63695f6c6173745f726567656e65726174657c693a313436323138323234353b7065726d697373696f6e7c4e3b6c6f676765645f696e7c623a313b757365725f69647c733a313a2231223b67726f75705f69647c733a313a2231223b6c616e67756167657c733a333a226e6570223b),
('a4b7cc089745a59151f3f6bd4242e0217d93c1fe', '::1', 1461828053, 0x5f5f63695f6c6173745f726567656e65726174657c693a313436313832373833353b7065726d697373696f6e7c4e3b6c6f676765645f696e7c623a313b757365725f69647c733a313a2231223b67726f75705f69647c733a313a2231223b6c616e67756167657c733a333a226e6570223b),
('a4cb97ce29673161b4bac2ffd88f811c6615d8e1', '::1', 1462347159, 0x5f5f63695f6c6173745f726567656e65726174657c693a313436323334363837353b7065726d697373696f6e7c4e3b6c6f676765645f696e7c623a313b757365725f69647c733a313a2231223b67726f75705f69647c733a313a2231223b6c616e67756167657c733a333a22656e67223b),
('a4fa7883ba0f19aa78bd583bec260d7a341209f6', '::1', 1461067698, 0x5f5f63695f6c6173745f726567656e65726174657c693a313436313036373639383b7065726d697373696f6e7c4e3b6c6f676765645f696e7c623a313b757365725f69647c733a313a2231223b67726f75705f69647c733a313a2231223b6c616e67756167657c733a333a22656e67223b),
('a5a7ca611c0640dc154c97c3c8c3f3f7a2ccf64e', '::1', 1461060652, 0x5f5f63695f6c6173745f726567656e65726174657c693a313436313036303539373b7065726d697373696f6e7c4e3b6c6f676765645f696e7c623a313b757365725f69647c733a313a2231223b67726f75705f69647c733a313a2231223b6c616e67756167657c733a333a22656e67223b),
('a5f2a117a20364e884d81a29e950ff4d64deb1de', '::1', 1462270296, 0x5f5f63695f6c6173745f726567656e65726174657c693a313436323237303239363b7065726d697373696f6e7c4e3b6c6f676765645f696e7c623a313b757365725f69647c733a313a2231223b67726f75705f69647c733a313a2231223b6c616e67756167657c733a333a226e6570223b),
('a6470c877df36735f908ca575751220d98e5b8cf', '::1', 1461656200, 0x5f5f63695f6c6173745f726567656e65726174657c693a313436313635353930313b7065726d697373696f6e7c4e3b6c6f676765645f696e7c623a313b757365725f69647c733a313a2231223b67726f75705f69647c733a313a2231223b6c616e67756167657c733a333a226e6570223b),
('a6519374838a98718679eeeb7e01cdbe3ca40778', '::1', 1462518842, 0x5f5f63695f6c6173745f726567656e65726174657c693a313436323531383834323b7065726d697373696f6e7c4e3b6c6f676765645f696e7c623a313b757365725f69647c733a313a2231223b67726f75705f69647c733a313a2231223b6c616e67756167657c733a333a22656e67223b),
('a6561d7ba1a50430e2bd6f62c358c86b5b4c2e97', '::1', 1462273717, 0x5f5f63695f6c6173745f726567656e65726174657c693a313436323237333435383b7065726d697373696f6e7c4e3b6c6f676765645f696e7c623a313b757365725f69647c733a313a2231223b67726f75705f69647c733a313a2231223b6c616e67756167657c733a333a226e6570223b),
('a685e5a196a7f706a222d3b96a39062967bb9983', '::1', 1462358534, 0x5f5f63695f6c6173745f726567656e65726174657c693a313436323335383532353b7065726d697373696f6e7c4e3b6c6f676765645f696e7c623a313b757365725f69647c733a313a2231223b67726f75705f69647c733a313a2231223b6c616e67756167657c733a333a22656e67223b),
('a6cd2ff0e8c22745c6c5f4fcf70eaf87c2122d26', '::1', 1461584618, 0x5f5f63695f6c6173745f726567656e65726174657c693a313436313538343533313b7065726d697373696f6e7c4e3b6c6f676765645f696e7c623a313b757365725f69647c733a313a2231223b67726f75705f69647c733a313a2231223b6c616e67756167657c733a333a226e6570223b),
('a75b9b72447b60ed17ffa2f35e4bbac493477973', '::1', 1461667710, 0x5f5f63695f6c6173745f726567656e65726174657c693a313436313636373730363b7065726d697373696f6e7c4e3b6c6f676765645f696e7c623a313b757365725f69647c733a313a2231223b67726f75705f69647c733a313a2231223b6c616e67756167657c733a333a226e6570223b),
('a80df3281d9d40354deb0460834a1ebcf4c6ba5c', '::1', 1462270296, 0x5f5f63695f6c6173745f726567656e65726174657c693a313436323237303239363b7065726d697373696f6e7c4e3b6c6f676765645f696e7c623a313b757365725f69647c733a313a2231223b67726f75705f69647c733a313a2231223b6c616e67756167657c733a333a226e6570223b),
('a87cbbbd96f77c3cfd05eeb9f4d2995e4ca81f9d', '::1', 1461740603, 0x5f5f63695f6c6173745f726567656e65726174657c693a313436313734303333353b7065726d697373696f6e7c4e3b6c6f676765645f696e7c623a313b757365725f69647c733a313a2231223b67726f75705f69647c733a313a2231223b6c616e67756167657c733a333a226e6570223b),
('a8d9c42d17ae12e5753245b00f4104f19437b743', '::1', 1464097910, 0x5f5f63695f6c6173745f726567656e65726174657c693a313436343039373930373b6c6f676765645f696e7c623a313b757365725f69647c733a313a2231223b67726f75705f69647c733a313a2231223b7065726d697373696f6e7c4e3b),
('a8e80134af5f992d616241c68ee7b89f5123dfff', '::1', 1461922223, 0x5f5f63695f6c6173745f726567656e65726174657c693a313436313932313933353b7065726d697373696f6e7c4e3b6c6f676765645f696e7c623a313b757365725f69647c733a313a2231223b67726f75705f69647c733a313a2231223b6c616e67756167657c733a333a226e6570223b),
('a9dd1f39d7db19bd37eb5e113434272e1f44e824', '::1', 1461312390, 0x5f5f63695f6c6173745f726567656e65726174657c693a313436313331323233333b7065726d697373696f6e7c4e3b6c6f676765645f696e7c623a313b757365725f69647c733a313a2231223b67726f75705f69647c733a313a2231223b6c616e67756167657c733a333a22656e67223b),
('aa6eee4eed5217f8fa8513e844ced48f4580a42b', '::1', 1462346039, 0x5f5f63695f6c6173745f726567656e65726174657c693a313436323334353734333b7065726d697373696f6e7c4e3b6c6f676765645f696e7c623a313b757365725f69647c733a313a2231223b67726f75705f69647c733a313a2231223b6c616e67756167657c733a333a22656e67223b),
('ab1a3c9432d50cf0d721d1eddd9a7b07a77772b6', '::1', 1461651707, 0x5f5f63695f6c6173745f726567656e65726174657c693a313436313635313438333b7065726d697373696f6e7c4e3b6c6f676765645f696e7c623a313b757365725f69647c733a313a2231223b67726f75705f69647c733a313a2231223b6c616e67756167657c733a333a226e6570223b),
('ab4122f5723a696279f76d895b879d18497b720c', '::1', 1461655172, 0x5f5f63695f6c6173745f726567656e65726174657c693a313436313635343839393b7065726d697373696f6e7c4e3b6c6f676765645f696e7c623a313b757365725f69647c733a313a2231223b67726f75705f69647c733a313a2231223b6c616e67756167657c733a333a226e6570223b),
('aba6d8434e2cc54735df8ebd09bfa6ebaa78c719', '::1', 1461581908, 0x5f5f63695f6c6173745f726567656e65726174657c693a313436313538313930383b7065726d697373696f6e7c4e3b6c6f676765645f696e7c623a313b757365725f69647c733a313a2231223b67726f75705f69647c733a313a2231223b6c616e67756167657c733a333a226e6570223b),
('abaef2d693bf5c53c87456eb1b32b7dec449df1f', '::1', 1462171825, 0x5f5f63695f6c6173745f726567656e65726174657c693a313436323137313633353b7065726d697373696f6e7c4e3b6c6f676765645f696e7c623a313b757365725f69647c733a313a2231223b67726f75705f69647c733a313a2231223b6c616e67756167657c733a333a226e6570223b),
('ac181ad7fcb263e71c391f10c49493be60630fcc', '::1', 1462270295, 0x5f5f63695f6c6173745f726567656e65726174657c693a313436323237303239353b7065726d697373696f6e7c4e3b6c6f676765645f696e7c623a313b757365725f69647c733a313a2231223b67726f75705f69647c733a313a2231223b6c616e67756167657c733a333a226e6570223b),
('adb10009a3dd562b7043ec757b11d010684cb6c7', '::1', 1461828631, 0x5f5f63695f6c6173745f726567656e65726174657c693a313436313832383533323b7065726d697373696f6e7c4e3b6c6f676765645f696e7c623a313b757365725f69647c733a313a2231223b67726f75705f69647c733a313a2231223b6c616e67756167657c733a333a226e6570223b),
('ade309a92114a5cf7ef0c0fe7ac8b48609fd43bc', '::1', 1462185956, 0x5f5f63695f6c6173745f726567656e65726174657c693a313436323138353832353b7065726d697373696f6e7c4e3b6c6f676765645f696e7c623a313b757365725f69647c733a313a2231223b67726f75705f69647c733a313a2231223b6c616e67756167657c733a333a226e6570223b),
('ae56722133d98349585bf56199aaab1d9f3b69f6', '::1', 1462175447, 0x5f5f63695f6c6173745f726567656e65726174657c693a313436323137353137323b7065726d697373696f6e7c4e3b6c6f676765645f696e7c623a313b757365725f69647c733a313a2231223b67726f75705f69647c733a313a2231223b6c616e67756167657c733a333a226e6570223b),
('ae6144656676683de109861fe360247e74fc65f6', '::1', 1462270294, 0x5f5f63695f6c6173745f726567656e65726174657c693a313436323237303239343b7065726d697373696f6e7c4e3b6c6f676765645f696e7c623a313b757365725f69647c733a313a2231223b67726f75705f69647c733a313a2231223b6c616e67756167657c733a333a226e6570223b),
('ae80899f0f17b7180edd047c8fe44e551567c175', '::1', 1461564435, 0x5f5f63695f6c6173745f726567656e65726174657c693a313436313536343133353b7065726d697373696f6e7c4e3b6c6f676765645f696e7c623a313b757365725f69647c733a313a2231223b67726f75705f69647c733a313a2231223b6c616e67756167657c733a333a226e6570223b),
('b016586abdd46490909b728a64501f2f9a4a866a', '::1', 1461050220, 0x5f5f63695f6c6173745f726567656e65726174657c693a313436313034393936333b7065726d697373696f6e7c4e3b6c6f676765645f696e7c623a313b757365725f69647c733a313a2231223b67726f75705f69647c733a313a2231223b),
('b0a001834857bc0e90af6746e22f399cca8a6eb0', '::1', 1461832695, 0x5f5f63695f6c6173745f726567656e65726174657c693a313436313833323639323b7065726d697373696f6e7c4e3b6c6f676765645f696e7c623a313b757365725f69647c733a313a2231223b67726f75705f69647c733a313a2231223b6c616e67756167657c733a333a226e6570223b),
('b0e90871c99b9628318ba8b7bb28e1481024f03b', '::1', 1462520635, 0x5f5f63695f6c6173745f726567656e65726174657c693a313436323532303337373b7065726d697373696f6e7c4e3b6c6f676765645f696e7c623a313b757365725f69647c733a313a2231223b67726f75705f69647c733a313a2231223b6c616e67756167657c733a333a22656e67223b),
('b1bb99a6ffb6a03625280adda2f55aa0ce0bddd3', '::1', 1461570236, 0x5f5f63695f6c6173745f726567656e65726174657c693a313436313537303034373b7065726d697373696f6e7c4e3b6c6f676765645f696e7c623a313b757365725f69647c733a313a2231223b67726f75705f69647c733a313a2231223b6c616e67756167657c733a333a226e6570223b),
('b206060b4cdebd260974bad1cf066a63b1b8f6c3', '::1', 1462176403, 0x5f5f63695f6c6173745f726567656e65726174657c693a313436323137363237343b7065726d697373696f6e7c4e3b6c6f676765645f696e7c623a313b757365725f69647c733a313a2231223b67726f75705f69647c733a313a2231223b6c616e67756167657c733a333a226e6570223b),
('b219b4f993e8c23788d9cec8435115d7ef6ebe72', '::1', 1462263058, 0x5f5f63695f6c6173745f726567656e65726174657c693a313436323236323834313b7065726d697373696f6e7c4e3b6c6f676765645f696e7c623a313b757365725f69647c733a313a2231223b67726f75705f69647c733a313a2231223b6c616e67756167657c733a333a226e6570223b),
('b29a61cc58e7e7561a730627b3b44a66749e6a3e', '::1', 1462167304, 0x5f5f63695f6c6173745f726567656e65726174657c693a313436323136373033373b7065726d697373696f6e7c4e3b6c6f676765645f696e7c623a313b757365725f69647c733a313a2231223b67726f75705f69647c733a313a2231223b6c616e67756167657c733a333a226e6570223b),
('b3bfd7206e7f2da555cd69334e24a5239e90e83d', '::1', 1464084429, 0x5f5f63695f6c6173745f726567656e65726174657c693a313436343038343136313b6c6f676765645f696e7c623a313b757365725f69647c733a313a2231223b67726f75705f69647c733a313a2231223b7065726d697373696f6e7c4e3b),
('b446a80e1086ac2ad36e3fbdab4c95fb49fd569a', '::1', 1462345315, 0x5f5f63695f6c6173745f726567656e65726174657c693a313436323334353130383b7065726d697373696f6e7c4e3b6c6f676765645f696e7c623a313b757365725f69647c733a313a2231223b67726f75705f69647c733a313a2231223b6c616e67756167657c733a333a22656e67223b),
('b4891133ad96c5248876e77ff3eaeb4bcf850a7d', '::1', 1462270295, 0x5f5f63695f6c6173745f726567656e65726174657c693a313436323237303239353b7065726d697373696f6e7c4e3b6c6f676765645f696e7c623a313b757365725f69647c733a313a2231223b67726f75705f69647c733a313a2231223b6c616e67756167657c733a333a226e6570223b),
('b5abe86be95d6eefd780f300e1e85178e72601cd', '::1', 1461570406, 0x5f5f63695f6c6173745f726567656e65726174657c693a313436313537303430363b7065726d697373696f6e7c4e3b6c6f676765645f696e7c623a313b757365725f69647c733a313a2231223b67726f75705f69647c733a313a2231223b6c616e67756167657c733a333a226e6570223b),
('b5b396e593095efcedb1f2de8400ec86bd132f6b', '::1', 1462262817, 0x5f5f63695f6c6173745f726567656e65726174657c693a313436323236323533363b7065726d697373696f6e7c4e3b6c6f676765645f696e7c623a313b757365725f69647c733a313a2231223b67726f75705f69647c733a313a2231223b6c616e67756167657c733a333a226e6570223b),
('b617678d20c637d528e6b7aa305920c572f7385e', '::1', 1461828346, 0x5f5f63695f6c6173745f726567656e65726174657c693a313436313832383232313b7065726d697373696f6e7c4e3b6c6f676765645f696e7c623a313b757365725f69647c733a313a2231223b67726f75705f69647c733a313a2231223b6c616e67756167657c733a333a226e6570223b),
('b6d52f1dd2754820130f54e82630941be8840e93', '::1', 1461842248, 0x5f5f63695f6c6173745f726567656e65726174657c693a313436313834313935343b7065726d697373696f6e7c4e3b6c6f676765645f696e7c623a313b757365725f69647c733a313a2231223b67726f75705f69647c733a313a2231223b6c616e67756167657c733a333a226e6570223b),
('b7489f7098f255fc35decdbc45992e038481efc1', '::1', 1462512807, 0x5f5f63695f6c6173745f726567656e65726174657c693a313436323531323530383b7065726d697373696f6e7c4e3b6c6f676765645f696e7c623a313b757365725f69647c733a313a2231223b67726f75705f69647c733a313a2231223b6c616e67756167657c733a333a22656e67223b),
('b7680120efe4a10e6e2e54abce61436c0e9bb587', '::1', 1463133936, 0x5f5f63695f6c6173745f726567656e65726174657c693a313436333133333731313b6c6f676765645f696e7c623a313b757365725f69647c733a313a2231223b67726f75705f69647c733a313a2231223b7065726d697373696f6e7c4e3b),
('b859ec0447186e829ab93645d93967141b57a201', '::1', 1461562197, 0x5f5f63695f6c6173745f726567656e65726174657c693a313436313536323031323b7065726d697373696f6e7c4e3b6c6f676765645f696e7c623a313b757365725f69647c733a313a2231223b67726f75705f69647c733a313a2231223b6c616e67756167657c733a333a226e6570223b),
('b896f14cd28cbf471ef8c8fe3a57dde547b5784f', '::1', 1461065099, 0x5f5f63695f6c6173745f726567656e65726174657c693a313436313036343831373b7065726d697373696f6e7c4e3b6c6f676765645f696e7c623a313b757365725f69647c733a313a2231223b67726f75705f69647c733a313a2231223b6c616e67756167657c733a333a226e6570223b),
('b903872fca342e88e63f13f974a8a61cb97678c6', '::1', 1463641497, 0x5f5f63695f6c6173745f726567656e65726174657c693a313436333634313235343b6c6f676765645f696e7c623a313b757365725f69647c733a313a2231223b67726f75705f69647c733a313a2231223b7065726d697373696f6e7c4e3b),
('b926bcc1921ddd796c2eede297804b2c16000cf0', '::1', 1463122893, 0x5f5f63695f6c6173745f726567656e65726174657c693a313436333132323837353b6c6f676765645f696e7c623a313b757365725f69647c733a313a2231223b67726f75705f69647c733a313a2231223b7065726d697373696f6e7c4e3b),
('b9652f53ef38e75a69e9fa0207bfe21c43260762', '::1', 1462167755, 0x5f5f63695f6c6173745f726567656e65726174657c693a313436323136373533303b7065726d697373696f6e7c4e3b6c6f676765645f696e7c623a313b757365725f69647c733a313a2231223b67726f75705f69647c733a313a2231223b6c616e67756167657c733a333a226e6570223b),
('ba41e937985a9c0eb854af33713424dee53d567e', '::1', 1461063541, 0x5f5f63695f6c6173745f726567656e65726174657c693a313436313036333431343b7065726d697373696f6e7c4e3b6c6f676765645f696e7c623a313b757365725f69647c733a313a2231223b67726f75705f69647c733a313a2231223b6c616e67756167657c733a333a22656e67223b),
('ba8ba54c4e2cf2a8a3ac564e837f5c5cf43a1046', '::1', 1461564134, 0x5f5f63695f6c6173745f726567656e65726174657c693a313436313536333735373b7065726d697373696f6e7c4e3b6c6f676765645f696e7c623a313b757365725f69647c733a313a2231223b67726f75705f69647c733a313a2231223b6c616e67756167657c733a333a226e6570223b),
('bbe939cd27e2a6c63ffcbdf72c075f1a4aceb2e1', '::1', 1461920930, 0x5f5f63695f6c6173745f726567656e65726174657c693a313436313932303932393b7065726d697373696f6e7c4e3b6c6f676765645f696e7c623a313b757365725f69647c733a313a2231223b67726f75705f69647c733a313a2231223b6c616e67756167657c733a333a226e6570223b),
('bc9007dd0a32b098acd41c8d1e5f3b82bcccecd0', '::1', 1461062574, 0x5f5f63695f6c6173745f726567656e65726174657c693a313436313036323537343b7065726d697373696f6e7c4e3b6c6f676765645f696e7c623a313b757365725f69647c733a313a2231223b67726f75705f69647c733a313a2231223b6c616e67756167657c733a333a226e6570223b),
('bcab613fdb740b99d4c37d786498bbe0f297a8d8', '::1', 1461051902, 0x5f5f63695f6c6173745f726567656e65726174657c693a313436313035313930323b7065726d697373696f6e7c4e3b6c6f676765645f696e7c623a313b757365725f69647c733a313a2231223b67726f75705f69647c733a313a2231223b),
('bd896dfe17397a7b2fe62eed107a4b0e4f0013ec', '::1', 1461567358, 0x5f5f63695f6c6173745f726567656e65726174657c693a313436313536373334363b7065726d697373696f6e7c4e3b6c6f676765645f696e7c623a313b757365725f69647c733a313a2231223b67726f75705f69647c733a313a2231223b6c616e67756167657c733a333a226e6570223b),
('be4767e1c4d9180f4816457b13cba2fcb6fa43c9', '::1', 1461311360, 0x5f5f63695f6c6173745f726567656e65726174657c693a313436313331313238343b7065726d697373696f6e7c4e3b6c6f676765645f696e7c623a313b757365725f69647c733a313a2231223b67726f75705f69647c733a313a2231223b6c616e67756167657c733a333a226e6570223b),
('c005c7b42603ebaf000527d433bb4afd161101a3', '::1', 1464085387, 0x5f5f63695f6c6173745f726567656e65726174657c693a313436343038353130323b6c6f676765645f696e7c623a313b757365725f69647c733a313a2231223b67726f75705f69647c733a313a2231223b7065726d697373696f6e7c4e3b),
('c0aea6688b2ff9947aa1d237220f4d21a7c5ac07', '::1', 1462264260, 0x5f5f63695f6c6173745f726567656e65726174657c693a313436323236343132303b7065726d697373696f6e7c4e3b6c6f676765645f696e7c623a313b757365725f69647c733a313a2231223b67726f75705f69647c733a313a2231223b6c616e67756167657c733a333a226e6570223b6f7065726174696f6e7c733a32333a2255706461746564205375636365737366756c6c79212121223b5f5f63695f766172737c613a313a7b733a393a226f7065726174696f6e223b733a333a226e6577223b7d),
('c146aa74a33fd19dd7876853d3e20f800fb52255', '::1', 1463640283, 0x5f5f63695f6c6173745f726567656e65726174657c693a313436333634303034363b6c6f676765645f696e7c623a313b757365725f69647c733a313a2231223b67726f75705f69647c733a313a2231223b7065726d697373696f6e7c4e3b),
('c251fe537e88af90c876c2c83d7d4215c58cf53f', '::1', 1461839843, 0x5f5f63695f6c6173745f726567656e65726174657c693a313436313833393630303b7065726d697373696f6e7c4e3b6c6f676765645f696e7c623a313b757365725f69647c733a313a2231223b67726f75705f69647c733a313a2231223b6c616e67756167657c733a333a226e6570223b),
('c30175944498f7362e8ba0191c49ffb8052bb393', '::1', 1461655534, 0x5f5f63695f6c6173745f726567656e65726174657c693a313436313635353533343b7065726d697373696f6e7c4e3b6c6f676765645f696e7c623a313b757365725f69647c733a313a2231223b67726f75705f69647c733a313a2231223b6c616e67756167657c733a333a226e6570223b),
('c377476f7d61a387fdcaa6d08a904b6b4c4c4452', '::1', 1462184299, 0x5f5f63695f6c6173745f726567656e65726174657c693a313436323138343031393b7065726d697373696f6e7c4e3b6c6f676765645f696e7c623a313b757365725f69647c733a313a2231223b67726f75705f69647c733a313a2231223b6c616e67756167657c733a333a226e6570223b),
('c47238ff5f4a51095d0d3dd4ce5b1d035bca80a8', '::1', 1461063283, 0x5f5f63695f6c6173745f726567656e65726174657c693a313436313036333030353b7065726d697373696f6e7c4e3b6c6f676765645f696e7c623a313b757365725f69647c733a313a2231223b67726f75705f69647c733a313a2231223b6c616e67756167657c733a333a22656e67223b),
('c48a3f369d19610508a97fd0d884d9b7a3a99875', '::1', 1461051903, 0x5f5f63695f6c6173745f726567656e65726174657c693a313436313035313930333b7065726d697373696f6e7c4e3b6c6f676765645f696e7c623a313b757365725f69647c733a313a2231223b67726f75705f69647c733a313a2231223b),
('c4e5bd001a880d67eb690c1882f945b710b5c50d', '::1', 1462270565, 0x5f5f63695f6c6173745f726567656e65726174657c693a313436323237303239363b7065726d697373696f6e7c4e3b6c6f676765645f696e7c623a313b757365725f69647c733a313a2231223b67726f75705f69647c733a313a2231223b6c616e67756167657c733a333a226e6570223b),
('c57ff2a7b7ba25833a7c968423a5b0152c5a2d6c', '::1', 1461052162, 0x5f5f63695f6c6173745f726567656e65726174657c693a313436313035313930333b7065726d697373696f6e7c4e3b6c6f676765645f696e7c623a313b757365725f69647c733a313a2231223b67726f75705f69647c733a313a2231223b),
('c7a12a733ad24f852e1f05900f9492ff5e187f83', '::1', 1462179330, 0x5f5f63695f6c6173745f726567656e65726174657c693a313436323137393134343b7065726d697373696f6e7c4e3b6c6f676765645f696e7c623a313b757365725f69647c733a313a2231223b67726f75705f69647c733a313a2231223b6c616e67756167657c733a333a226e6570223b),
('c7a563f36cf003f353079a21cdc2228ff78ac5b2', '::1', 1461747423, 0x5f5f63695f6c6173745f726567656e65726174657c693a313436313734373137313b7065726d697373696f6e7c4e3b6c6f676765645f696e7c623a313b757365725f69647c733a313a2231223b67726f75705f69647c733a313a2231223b6c616e67756167657c733a333a226e6570223b),
('c7ad79967b8e1c9582c03f5e61a6438106f673c0', '::1', 1462274634, 0x5f5f63695f6c6173745f726567656e65726174657c693a313436323237343333363b7065726d697373696f6e7c4e3b6c6f676765645f696e7c623a313b757365725f69647c733a313a2231223b67726f75705f69647c733a313a2231223b6c616e67756167657c733a333a22656e67223b),
('c82b26e810ec4db3cf5adde9f622a747b397cc69', '::1', 1462790385, 0x5f5f63695f6c6173745f726567656e65726174657c693a313436323739303338353b),
('c8f2af31fa133ddc313d3645ba2cb69db3169065', '::1', 1462185824, 0x5f5f63695f6c6173745f726567656e65726174657c693a313436323138353832343b7065726d697373696f6e7c4e3b6c6f676765645f696e7c623a313b757365725f69647c733a313a2231223b67726f75705f69647c733a313a2231223b6c616e67756167657c733a333a226e6570223b),
('c9ccd7f98604673bd49bf99bc0a0ac592c194d67', '::1', 1461832634, 0x5f5f63695f6c6173745f726567656e65726174657c693a313436313833323334343b7065726d697373696f6e7c4e3b6c6f676765645f696e7c623a313b757365725f69647c733a313a2231223b67726f75705f69647c733a313a2231223b6c616e67756167657c733a333a226e6570223b),
('c9dbfac79103afc81a091f1826f6ccab0dda2afc', '::1', 1461825665, 0x5f5f63695f6c6173745f726567656e65726174657c693a313436313832353636303b7065726d697373696f6e7c4e3b6c6f676765645f696e7c623a313b757365725f69647c733a313a2231223b67726f75705f69647c733a313a2231223b6c616e67756167657c733a333a226e6570223b),
('cb60708d0b9ab7ba93368822a6ad448260647daf', '::1', 1461051902, 0x5f5f63695f6c6173745f726567656e65726174657c693a313436313035313930323b7065726d697373696f6e7c4e3b6c6f676765645f696e7c623a313b757365725f69647c733a313a2231223b67726f75705f69647c733a313a2231223b),
('cc17aa4db1904f5a5ef55adeb5118f16075de370', '::1', 1461831683, 0x5f5f63695f6c6173745f726567656e65726174657c693a313436313833313533343b7065726d697373696f6e7c4e3b6c6f676765645f696e7c623a313b757365725f69647c733a313a2231223b67726f75705f69647c733a313a2231223b6c616e67756167657c733a333a226e6570223b),
('cc6633d5ddfb6e43e50181e23d1175053003ff5f', '::1', 1462259906, 0x5f5f63695f6c6173745f726567656e65726174657c693a313436323235393738313b7065726d697373696f6e7c4e3b6c6f676765645f696e7c623a313b757365725f69647c733a313a2231223b67726f75705f69647c733a313a2231223b6c616e67756167657c733a333a226e6570223b6f7065726174696f6e7c733a32333a2255706461746564205375636365737366756c6c79212121223b5f5f63695f766172737c613a313a7b733a393a226f7065726174696f6e223b733a333a226e6577223b7d),
('cd1e5b76c54cabc46be12e745bec5ea603f9e07d', '::1', 1463641762, 0x5f5f63695f6c6173745f726567656e65726174657c693a313436333634313632363b6c6f676765645f696e7c623a313b757365725f69647c733a313a2231223b67726f75705f69647c733a313a2231223b7065726d697373696f6e7c4e3b),
('cd1f0fe876945ee3971a12e04d666f16a41795a4', '::1', 1462523357, 0x5f5f63695f6c6173745f726567656e65726174657c693a313436323532333134333b7065726d697373696f6e7c4e3b6c6f676765645f696e7c623a313b757365725f69647c733a313a2231223b67726f75705f69647c733a313a2231223b6c616e67756167657c733a333a22656e67223b),
('cdb724c220292904d635b49fc70ee2204068136c', '::1', 1461922678, 0x5f5f63695f6c6173745f726567656e65726174657c693a313436313932323637383b7065726d697373696f6e7c4e3b6c6f676765645f696e7c623a313b757365725f69647c733a313a2231223b67726f75705f69647c733a313a2231223b6c616e67756167657c733a333a226e6570223b),
('cec65b922d097021d1502fb48713cf07df3b4456', '::1', 1462516111, 0x5f5f63695f6c6173745f726567656e65726174657c693a313436323531353937303b7065726d697373696f6e7c4e3b6c6f676765645f696e7c623a313b757365725f69647c733a313a2231223b67726f75705f69647c733a313a2231223b6c616e67756167657c733a333a22656e67223b),
('d0fb7d87df053147c62bf5a49a1f025f700dc5d2', '::1', 1461563756, 0x5f5f63695f6c6173745f726567656e65726174657c693a313436313536323531353b7065726d697373696f6e7c4e3b6c6f676765645f696e7c623a313b757365725f69647c733a313a2231223b67726f75705f69647c733a313a2231223b6c616e67756167657c733a333a226e6570223b),
('d16d3fac3d701e8386550fe6ee382c51083fcddc', '::1', 1461061680, 0x5f5f63695f6c6173745f726567656e65726174657c693a313436313036313537343b7065726d697373696f6e7c4e3b6c6f676765645f696e7c623a313b757365725f69647c733a313a2231223b67726f75705f69647c733a313a2231223b6c616e67756167657c733a333a226e6570223b),
('d1d39f8842624afab5c0ede4eb3f2e343c7c1a72', '::1', 1461653738, 0x5f5f63695f6c6173745f726567656e65726174657c693a313436313635333434323b7065726d697373696f6e7c4e3b6c6f676765645f696e7c623a313b757365725f69647c733a313a2231223b67726f75705f69647c733a313a2231223b6c616e67756167657c733a333a226e6570223b),
('d20ef39e3903d6f9d30a13f8bc0c5b0a3cf8e71d', '::1', 1461753943, 0x5f5f63695f6c6173745f726567656e65726174657c693a313436313735333735363b7065726d697373696f6e7c4e3b6c6f676765645f696e7c623a313b757365725f69647c733a313a2231223b67726f75705f69647c733a313a2231223b6c616e67756167657c733a333a226e6570223b),
('d2243d23b9ce820e6f77713d110d10e0b8ded4aa', '::1', 1461648514, 0x5f5f63695f6c6173745f726567656e65726174657c693a313436313634383333383b7065726d697373696f6e7c4e3b6c6f676765645f696e7c623a313b757365725f69647c733a313a2231223b67726f75705f69647c733a313a2231223b6c616e67756167657c733a333a226e6570223b),
('d372e81f0a7cb42bf0fc54b57ca9be2d6c63c13e', '::1', 1462874803, 0x5f5f63695f6c6173745f726567656e65726174657c693a313436323837343739363b6c6f676765645f696e7c623a313b757365725f69647c733a313a2231223b67726f75705f69647c733a313a2231223b7065726d697373696f6e7c4e3b),
('d55d34921be8ac65ddfea34b62c66d16356161dd', '::1', 1462180066, 0x5f5f63695f6c6173745f726567656e65726174657c693a313436323137393737333b7065726d697373696f6e7c4e3b6c6f676765645f696e7c623a313b757365725f69647c733a313a2231223b67726f75705f69647c733a313a2231223b6c616e67756167657c733a333a226e6570223b),
('d57964cf1dee9db537ad0f92c3343799c35b0f0a', '::1', 1464085795, 0x5f5f63695f6c6173745f726567656e65726174657c693a313436343038353530303b6c6f676765645f696e7c623a313b757365725f69647c733a313a2231223b67726f75705f69647c733a313a2231223b7065726d697373696f6e7c4e3b),
('d6042d93804dff03a91516f295d6b3d7eed43302', '::1', 1462170275, 0x5f5f63695f6c6173745f726567656e65726174657c693a313436323137303237353b7065726d697373696f6e7c4e3b6c6f676765645f696e7c623a313b757365725f69647c733a313a2231223b67726f75705f69647c733a313a2231223b6c616e67756167657c733a333a226e6570223b),
('d73fba32fbd2841529a731cf0018d139a20558d5', '::1', 1461316394, 0x5f5f63695f6c6173745f726567656e65726174657c693a313436313331363133323b7065726d697373696f6e7c4e3b6c6f676765645f696e7c623a313b757365725f69647c733a313a2231223b67726f75705f69647c733a313a2231223b6c616e67756167657c733a333a226e6570223b),
('d7fd33e228181fab6749c00bf42f5e25c0d703a4', '::1', 1461655535, 0x5f5f63695f6c6173745f726567656e65726174657c693a313436313635353533353b7065726d697373696f6e7c4e3b6c6f676765645f696e7c623a313b757365725f69647c733a313a2231223b67726f75705f69647c733a313a2231223b6c616e67756167657c733a333a226e6570223b),
('d8318b2c34904fd937a8202c3f43c23e2a73447f', '::1', 1463641079, 0x5f5f63695f6c6173745f726567656e65726174657c693a313436333634303836363b6c6f676765645f696e7c623a313b757365725f69647c733a313a2231223b67726f75705f69647c733a313a2231223b7065726d697373696f6e7c4e3b),
('d8bc9f8b923ed2d0c823b35ea7f730ded769e971', '::1', 1463135220, 0x5f5f63695f6c6173745f726567656e65726174657c693a313436333133353031343b6c6f676765645f696e7c623a313b757365725f69647c733a313a2231223b67726f75705f69647c733a313a2231223b7065726d697373696f6e7c4e3b),
('da7bcae9ee74b790e48f626043a26fb7a16f152a', '::1', 1462260796, 0x5f5f63695f6c6173745f726567656e65726174657c693a313436323236303738343b7065726d697373696f6e7c4e3b6c6f676765645f696e7c623a313b757365725f69647c733a313a2231223b67726f75705f69647c733a313a2231223b6c616e67756167657c733a333a226e6570223b),
('daa705b63f46dac6ff533c840c32650c937051ef', '::1', 1462519772, 0x5f5f63695f6c6173745f726567656e65726174657c693a313436323531393535363b7065726d697373696f6e7c4e3b6c6f676765645f696e7c623a313b757365725f69647c733a313a2231223b67726f75705f69647c733a313a2231223b6c616e67756167657c733a333a22656e67223b),
('dabad8b03a4124e7931c9a13863c4cde86255f72', '::1', 1461673489, 0x5f5f63695f6c6173745f726567656e65726174657c693a313436313637333234343b7065726d697373696f6e7c4e3b6c6f676765645f696e7c623a313b757365725f69647c733a313a2231223b67726f75705f69647c733a313a2231223b6c616e67756167657c733a333a226e6570223b);
INSERT INTO `ci_sessions` (`id`, `ip_address`, `timestamp`, `data`) VALUES
('dbbbaddc720593e5adbdf9658cdafd4bb1e5508f', '::1', 1461569882, 0x5f5f63695f6c6173745f726567656e65726174657c693a313436313536393732363b7065726d697373696f6e7c4e3b6c6f676765645f696e7c623a313b757365725f69647c733a313a2231223b67726f75705f69647c733a313a2231223b6c616e67756167657c733a333a226e6570223b),
('dcda9d161e2b75cf162e778ffcb2212e8b37cb7e', '::1', 1461912518, 0x5f5f63695f6c6173745f726567656e65726174657c693a313436313931323436323b7065726d697373696f6e7c4e3b6c6f676765645f696e7c623a313b757365725f69647c733a313a2231223b67726f75705f69647c733a313a2231223b6c616e67756167657c733a333a226e6570223b),
('de1699306d2df98d77e1e0748b5ba36587b92431', '::1', 1461666903, 0x5f5f63695f6c6173745f726567656e65726174657c693a313436313636363736313b7065726d697373696f6e7c4e3b6c6f676765645f696e7c623a313b757365725f69647c733a313a2231223b67726f75705f69647c733a313a2231223b6c616e67756167657c733a333a226e6570223b),
('dfcbe3e4b6bc6182cf31bfce462059a1be274ab8', '::1', 1461655534, 0x5f5f63695f6c6173745f726567656e65726174657c693a313436313635353533343b7065726d697373696f6e7c4e3b6c6f676765645f696e7c623a313b757365725f69647c733a313a2231223b67726f75705f69647c733a313a2231223b6c616e67756167657c733a333a226e6570223b),
('e153d81cee28f8a007aee9fa767a2156ff02f89d', '::1', 1461568513, 0x5f5f63695f6c6173745f726567656e65726174657c693a313436313536383435383b7065726d697373696f6e7c4e3b6c6f676765645f696e7c623a313b757365725f69647c733a313a2231223b67726f75705f69647c733a313a2231223b6c616e67756167657c733a333a226e6570223b),
('e1cb7048e2feb9041f9ae67703d782beb523496f', '::1', 1461837650, 0x5f5f63695f6c6173745f726567656e65726174657c693a313436313833373436383b7065726d697373696f6e7c4e3b6c6f676765645f696e7c623a313b757365725f69647c733a313a2231223b67726f75705f69647c733a313a2231223b6c616e67756167657c733a333a226e6570223b),
('e235b02c945d6a0121bbed8f1a80b0ba72e95003', '::1', 1462263162, 0x5f5f63695f6c6173745f726567656e65726174657c693a313436323236333135383b7065726d697373696f6e7c4e3b6c6f676765645f696e7c623a313b757365725f69647c733a313a2231223b67726f75705f69647c733a313a2231223b6c616e67756167657c733a333a226e6570223b),
('e2565dd1d6cb164b9681747b802f5f91a71f070c', '::1', 1462522828, 0x5f5f63695f6c6173745f726567656e65726174657c693a313436323532323635313b7065726d697373696f6e7c4e3b6c6f676765645f696e7c623a313b757365725f69647c733a313a2231223b67726f75705f69647c733a313a2231223b6c616e67756167657c733a333a22656e67223b),
('e27186511e636e1b538f2bde1fbe81528bfd0446', '::1', 1462183422, 0x5f5f63695f6c6173745f726567656e65726174657c693a313436323138333134363b7065726d697373696f6e7c4e3b6c6f676765645f696e7c623a313b757365725f69647c733a313a2231223b67726f75705f69647c733a313a2231223b6c616e67756167657c733a333a226e6570223b),
('e33f91cd1c25f6c52e5a9ea836e96818621813ff', '::1', 1462270294, 0x5f5f63695f6c6173745f726567656e65726174657c693a313436323237303239343b7065726d697373696f6e7c4e3b6c6f676765645f696e7c623a313b757365725f69647c733a313a2231223b67726f75705f69647c733a313a2231223b6c616e67756167657c733a333a226e6570223b),
('e4935d6252f412412bd09999deb2e107365a7c8e', '::1', 1461064680, 0x5f5f63695f6c6173745f726567656e65726174657c693a313436313036343432323b7065726d697373696f6e7c4e3b6c6f676765645f696e7c623a313b757365725f69647c733a313a2231223b67726f75705f69647c733a313a2231223b6c616e67756167657c733a333a22656e67223b),
('e50f400e8c9ae9732ec18b03886c50006539436b', '::1', 1462790386, 0x5f5f63695f6c6173745f726567656e65726174657c693a313436323739303338363b),
('e53ea459885bfab63f2b6f4697151dee40335d0f', '::1', 1461655532, 0x5f5f63695f6c6173745f726567656e65726174657c693a313436313635353533323b7065726d697373696f6e7c4e3b6c6f676765645f696e7c623a313b757365725f69647c733a313a2231223b67726f75705f69647c733a313a2231223b6c616e67756167657c733a333a226e6570223b),
('e5a48b453653d6fbeaa111beecf0546e1a2465f3', '::1', 1461584459, 0x5f5f63695f6c6173745f726567656e65726174657c693a313436313538343230303b7065726d697373696f6e7c4e3b6c6f676765645f696e7c623a313b757365725f69647c733a313a2231223b67726f75705f69647c733a313a2231223b6c616e67756167657c733a333a226e6570223b),
('e5b1ef631329e3ccd7c3814e496cbaf0f52c71eb', '::1', 1461743141, 0x5f5f63695f6c6173745f726567656e65726174657c693a313436313734333035353b7065726d697373696f6e7c4e3b6c6f676765645f696e7c623a313b757365725f69647c733a313a2231223b67726f75705f69647c733a313a2231223b6c616e67756167657c733a333a226e6570223b),
('e5ce3492c47185d5212c6e1304603b1fe0a2001b', '::1', 1461915253, 0x5f5f63695f6c6173745f726567656e65726174657c693a313436313931353033343b7065726d697373696f6e7c4e3b6c6f676765645f696e7c623a313b757365725f69647c733a313a2231223b67726f75705f69647c733a313a2231223b6c616e67756167657c733a333a226e6570223b),
('e6ace5c9fe22ee92cc23ae3e26b3e8e696fc73e6', '::1', 1462268755, 0x5f5f63695f6c6173745f726567656e65726174657c693a313436323236383537303b7065726d697373696f6e7c4e3b6c6f676765645f696e7c623a313b757365725f69647c733a313a2231223b67726f75705f69647c733a313a2231223b6c616e67756167657c733a333a226e6570223b),
('e6d4b666fe5903d6ca582fdc57cca753c7aad1f2', '::1', 1462172222, 0x5f5f63695f6c6173745f726567656e65726174657c693a313436323137313934343b7065726d697373696f6e7c4e3b6c6f676765645f696e7c623a313b757365725f69647c733a313a2231223b67726f75705f69647c733a313a2231223b6c616e67756167657c733a333a226e6570223b),
('e7b90ffc836783e0b5d800a6566d52968cd7fb95', '::1', 1462262444, 0x5f5f63695f6c6173745f726567656e65726174657c693a313436323236323232303b7065726d697373696f6e7c4e3b6c6f676765645f696e7c623a313b757365725f69647c733a313a2231223b67726f75705f69647c733a313a2231223b6c616e67756167657c733a333a226e6570223b),
('e7ca70de26d70fa87917cc108f1d79865c2e8203', '::1', 1461050958, 0x5f5f63695f6c6173745f726567656e65726174657c693a313436313035303637383b7065726d697373696f6e7c4e3b6c6f676765645f696e7c623a313b757365725f69647c733a313a2231223b67726f75705f69647c733a313a2231223b),
('e862c44754d600af8c48559dbc2c25b9aab4e4d7', '::1', 1462344715, 0x5f5f63695f6c6173745f726567656e65726174657c693a313436323334343434373b7065726d697373696f6e7c4e3b6c6f676765645f696e7c623a313b757365725f69647c733a313a2231223b67726f75705f69647c733a313a2231223b6c616e67756167657c733a333a22656e67223b),
('e90efe575e85ee7ce05c30e7697121ed948fca8b', '::1', 1461578981, 0x5f5f63695f6c6173745f726567656e65726174657c693a313436313537383938313b7065726d697373696f6e7c4e3b6c6f676765645f696e7c623a313b757365725f69647c733a313a2231223b67726f75705f69647c733a313a2231223b6c616e67756167657c733a333a226e6570223b),
('e9981301064fbe9a7c32fbca1d722838e0468118', '::1', 1462790387, 0x5f5f63695f6c6173745f726567656e65726174657c693a313436323739303338373b),
('ea1816b84d5b91317c595218112d68c77c559ae9', '::1', 1461050579, 0x5f5f63695f6c6173745f726567656e65726174657c693a313436313035303334383b7065726d697373696f6e7c4e3b6c6f676765645f696e7c623a313b757365725f69647c733a313a2231223b67726f75705f69647c733a313a2231223b),
('ea5fc2ef9e91d159ee6eb1f4d037291dead93349', '::1', 1461923153, 0x5f5f63695f6c6173745f726567656e65726174657c693a313436313932333135333b7065726d697373696f6e7c4e3b6c6f676765645f696e7c623a313b757365725f69647c733a313a2231223b67726f75705f69647c733a313a2231223b6c616e67756167657c733a333a226e6570223b),
('ec24b1d26cb3630e320c67a26e33f827aa72959c', '::1', 1461568331, 0x5f5f63695f6c6173745f726567656e65726174657c693a313436313536383039383b7065726d697373696f6e7c4e3b6c6f676765645f696e7c623a313b757365725f69647c733a313a2231223b67726f75705f69647c733a313a2231223b6c616e67756167657c733a333a226e6570223b),
('eefbacee65e11e42803e90a6d35a30fd43ca1113', '::1', 1461051902, 0x5f5f63695f6c6173745f726567656e65726174657c693a313436313035313930323b7065726d697373696f6e7c4e3b6c6f676765645f696e7c623a313b757365725f69647c733a313a2231223b67726f75705f69647c733a313a2231223b),
('ef8b4ef1bc691edd4682246fe847a2b855f410a9', '::1', 1462185824, 0x5f5f63695f6c6173745f726567656e65726174657c693a313436323138353832343b7065726d697373696f6e7c4e3b6c6f676765645f696e7c623a313b757365725f69647c733a313a2231223b67726f75705f69647c733a313a2231223b6c616e67756167657c733a333a226e6570223b),
('efc68618f1328f280d9ce2d477707e4c23063aee', '::1', 1461837144, 0x5f5f63695f6c6173745f726567656e65726174657c693a313436313833373036343b7065726d697373696f6e7c4e3b6c6f676765645f696e7c623a313b757365725f69647c733a313a2231223b67726f75705f69647c733a313a2231223b6c616e67756167657c733a333a226e6570223b),
('f0fc53e8aea514aea4b4200d845d1f7c7fc11c24', '::1', 1461665637, 0x5f5f63695f6c6173745f726567656e65726174657c693a313436313636353633373b7065726d697373696f6e7c4e3b6c6f676765645f696e7c623a313b757365725f69647c733a313a2231223b67726f75705f69647c733a313a2231223b6c616e67756167657c733a333a226e6570223b),
('f11593ae19a285937071266e75925e7692f08659', '::1', 1462516957, 0x5f5f63695f6c6173745f726567656e65726174657c693a313436323531363737393b7065726d697373696f6e7c4e3b6c6f676765645f696e7c623a313b757365725f69647c733a313a2231223b67726f75705f69647c733a313a2231223b6c616e67756167657c733a333a22656e67223b),
('f4c813eabd43a58bd58c7f114823f82b80a37a24', '::1', 1461564436, 0x5f5f63695f6c6173745f726567656e65726174657c693a313436313536343433363b7065726d697373696f6e7c4e3b6c6f676765645f696e7c623a313b757365725f69647c733a313a2231223b67726f75705f69647c733a313a2231223b6c616e67756167657c733a333a226e6570223b),
('f52be26a6d199f3031a55e29aab4bce0e595aebc', '::1', 1461059534, 0x5f5f63695f6c6173745f726567656e65726174657c693a313436313035393237393b7065726d697373696f6e7c4e3b6c6f676765645f696e7c623a313b757365725f69647c733a313a2231223b67726f75705f69647c733a313a2231223b),
('f54b133ef3c2ff44a2f25a679479b1b9c03987f7', '::1', 1463639918, 0x5f5f63695f6c6173745f726567656e65726174657c693a313436333633393730393b6c6f676765645f696e7c623a313b757365725f69647c733a313a2231223b67726f75705f69647c733a313a2231223b7065726d697373696f6e7c4e3b),
('f60a77b3638e50a05d1ae6970e3787f45b3e37f5', '::1', 1461837999, 0x5f5f63695f6c6173745f726567656e65726174657c693a313436313833373830353b7065726d697373696f6e7c4e3b6c6f676765645f696e7c623a313b757365725f69647c733a313a2231223b67726f75705f69647c733a313a2231223b6c616e67756167657c733a333a226e6570223b),
('f66b3bc4a05867b6cba6224f8128665f0cdd70e4', '::1', 1462172355, 0x5f5f63695f6c6173745f726567656e65726174657c693a313436323137323238313b7065726d697373696f6e7c4e3b6c6f676765645f696e7c623a313b757365725f69647c733a313a2231223b67726f75705f69647c733a313a2231223b6c616e67756167657c733a333a226e6570223b),
('f6824907b7048f33146c0aeeac00411948442ee8', '::1', 1461066568, 0x5f5f63695f6c6173745f726567656e65726174657c693a313436313036363533393b7065726d697373696f6e7c4e3b6c6f676765645f696e7c623a313b757365725f69647c733a313a2231223b67726f75705f69647c733a313a2231223b6c616e67756167657c733a333a22656e67223b),
('f6a8dc8b3b83da252c45cd301a0ed5868a6a55d1', '::1', 1463136330, 0x5f5f63695f6c6173745f726567656e65726174657c693a313436333133363330353b6c6f676765645f696e7c623a313b757365725f69647c733a313a2231223b67726f75705f69647c733a313a2231223b7065726d697373696f6e7c4e3b),
('f8effb36652b9b6d0c7cf10670e2c1a79145c19f', '::1', 1461564436, 0x5f5f63695f6c6173745f726567656e65726174657c693a313436313536343433363b7065726d697373696f6e7c4e3b6c6f676765645f696e7c623a313b757365725f69647c733a313a2231223b67726f75705f69647c733a313a2231223b6c616e67756167657c733a333a226e6570223b),
('fa58d9845247f9a78bd913a09af40d5284af201a', '::1', 1461065286, 0x5f5f63695f6c6173745f726567656e65726174657c693a313436313036353236323b7065726d697373696f6e7c4e3b6c6f676765645f696e7c623a313b757365725f69647c733a313a2231223b67726f75705f69647c733a313a2231223b6c616e67756167657c733a333a226e6570223b),
('fc43e35df455d1123de0ca98bc41fd33062e06ff', '::1', 1462170855, 0x5f5f63695f6c6173745f726567656e65726174657c693a313436323137303539373b7065726d697373696f6e7c4e3b6c6f676765645f696e7c623a313b757365725f69647c733a313a2231223b67726f75705f69647c733a313a2231223b6c616e67756167657c733a333a226e6570223b),
('fce421a6d14c0d58da3e0c995bbea27cdb9c12c7', '::1', 1461315149, 0x5f5f63695f6c6173745f726567656e65726174657c693a313436313331343931353b7065726d697373696f6e7c4e3b6c6f676765645f696e7c623a313b757365725f69647c733a313a2231223b67726f75705f69647c733a313a2231223b6c616e67756167657c733a333a226e6570223b),
('fce8c9040536ce3a80ff6cc05a67b6c05065a54a', '::1', 1462514847, 0x5f5f63695f6c6173745f726567656e65726174657c693a313436323531343832363b7065726d697373696f6e7c4e3b6c6f676765645f696e7c623a313b757365725f69647c733a313a2231223b67726f75705f69647c733a313a2231223b6c616e67756167657c733a333a22656e67223b),
('fd4e2a69fa30525e412b9d821fcfa8d1e7a94206', '::1', 1461740195, 0x5f5f63695f6c6173745f726567656e65726174657c693a313436313733393931333b7065726d697373696f6e7c4e3b6c6f676765645f696e7c623a313b757365725f69647c733a313a2231223b67726f75705f69647c733a313a2231223b6c616e67756167657c733a333a226e6570223b),
('ff680ba0ecdbfccdbf1c6ac947bfcfe7abb021bf', '::1', 1462261514, 0x5f5f63695f6c6173745f726567656e65726174657c693a313436323236313338333b7065726d697373696f6e7c4e3b6c6f676765645f696e7c623a313b757365725f69647c733a313a2231223b67726f75705f69647c733a313a2231223b6c616e67756167657c733a333a226e6570223b);

-- --------------------------------------------------------

--
-- Table structure for table `up_banner`
--

CREATE TABLE IF NOT EXISTS `up_banner` (
`id` int(11) NOT NULL,
  `title` varchar(255) CHARACTER SET utf8 COLLATE utf8_unicode_ci DEFAULT NULL,
  `sub_title` varchar(255) CHARACTER SET utf8 COLLATE utf8_unicode_ci DEFAULT NULL,
  `attachment` varchar(255) CHARACTER SET utf8 COLLATE utf8_unicode_ci DEFAULT NULL,
  `ent_date` date NOT NULL,
  `upd_date` date DEFAULT NULL,
  `status` enum('draft','live') NOT NULL DEFAULT 'draft'
) ENGINE=InnoDB  DEFAULT CHARSET=latin1 AUTO_INCREMENT=11 ;

--
-- Dumping data for table `up_banner`
--

INSERT INTO `up_banner` (`id`, `title`, `sub_title`, `attachment`, `ent_date`, `upd_date`, `status`) VALUES
(9, '1st', '1st', '45c48cce2e2d7fbdea1afc51c7c6ad26.jpg', '2016-03-30', '2016-04-18', 'live'),
(10, '2nd', '', 'd3d9446802a44259755d38e6d163e820.jpg', '2016-03-30', NULL, 'live');

-- --------------------------------------------------------

--
-- Table structure for table `up_dynamic`
--

CREATE TABLE IF NOT EXISTS `up_dynamic` (
`id` int(11) NOT NULL,
  `fname` varchar(100) NOT NULL,
  `lname` varchar(100) NOT NULL,
  `tech` varchar(100) NOT NULL,
  `email` varchar(100) NOT NULL,
  `address` varchar(100) NOT NULL,
  `test` varchar(255) NOT NULL,
  `address2` varchar(255) NOT NULL,
  `attachment` varchar(255) NOT NULL,
  `status` enum('Live','Draft') NOT NULL DEFAULT 'Live'
) ENGINE=InnoDB  DEFAULT CHARSET=latin1 AUTO_INCREMENT=101 ;

--
-- Dumping data for table `up_dynamic`
--

INSERT INTO `up_dynamic` (`id`, `fname`, `lname`, `tech`, `email`, `address`, `test`, `address2`, `attachment`, `status`) VALUES
(4, 'zxz1', 'zxz', 'xzxz', 'cfsds', '2', '', '', '', 'Draft'),
(5, 'hkj2ss', 'dsasd', 'aasas', 'aasdsa', '1', '', '', '', 'Live'),
(6, 'nbn3', 'bnb', 'nb', 'nnb', '1', '', '', '', 'Draft'),
(7, 'jjh', 'j', 'hjh', 'jh', '2', '', '', '', 'Draft'),
(8, 'kjhkjh', 'hk', 'hjkh', 'jkh', '2', '', '', '', 'Draft'),
(12, 'ghfg', 'sfd', 'dsdf', 'fds', '1', '', '', '', 'Live'),
(15, 'hgfg', 'fd', 'dfgd', 'egfdg', '1', '', '', '', 'Live'),
(16, 'jkljggghg', 'jjhghg', 'hg', 'hgh', '2', '', '', '', 'Live'),
(17, 'sjakd', 'sahdk', 'jksahd', 'askjdh', '2', '', '', '', 'Draft'),
(32, 'jkasdgjk', 'jkahskd', 'jkasjdh', 'kjsahdk', '1', '', '', '', 'Draft'),
(33, 'akdshkl', 'kahsdkjh', 'kahsdkh', 'kjahsdjkh', '1', '', '', '', 'Draft'),
(34, 'aksdhk', 'jkashd', 'kjashdkjh', 'jkashd', '1', '', '', '', 'Draft'),
(35, 'hjsadg', 'sadg', 'jasgdh', 'hjashgd', '2', '', '', '', 'Draft'),
(36, 'jkasgdkjg', 'jaksd', 'jkasgd', 'ajkshdk', '2', '', '', '', 'Draft'),
(37, 'masdhgjk', 'kashdk', 'ksahdkj', 'kashdkjh', '1', '', '', '', 'Draft'),
(38, 'kjashdk', 'kjasdhk', 'jkahskdh', 'jkasjdk', '2', '', '', '', 'Draft'),
(39, 'kashkd', 'kahsdhjk', 'jkajksdhk', 'jahsjkd', '2', '', '', '', 'Draft'),
(40, 'jkashd', 'jkasjkdh', 'jksjakd', 'jjkashd', '2', '', '', '', 'Draft'),
(41, 'jkasjkd', 'kjsahdk', 'jkahskdh', 'jkashdk', '2', '', '', '', 'Draft'),
(42, 'hasg', 'kjsahkjd', 'klhakshd', 'jkasjkdh', '1', '', '', '', 'Draft'),
(43, 'kjash', 'kjashkdhj', 'jkashkdh', 'jkahskdh', '2', '', '', '', 'Draft'),
(44, 'gfdgfd', 'dffd', 'ddf', 'hghf', '1', '', '', '', 'Draft'),
(45, 'vcxvx', 'nbasndv', 'nbasvndv', 'nasbvdn', '2', '', '', '', 'Draft'),
(46, 'asdgj', 'asgjdg', 'jhagsjdg', 'jhagjsdg', '2', '', '', '', 'Draft'),
(47, 'jksahdk', 'kjasjkdh', 'jkskjadhk', 'jkjaksdhk', '2', '', '', '', 'Draft'),
(48, 'sagd', 'jagsjgd', 'jagshd', 'hjasgd', '2', '', '', '', 'Draft'),
(49, 'sjagd', 'jhasg', 'jasgjd', 'jhagsd', '2', '', '', '', 'Draft'),
(50, 'sagdj', 'jhagsd', 'jhagsjd', 'jhgasjgd', '2', '', '', '', 'Draft'),
(51, 'jkasjdkh', 'jkashjdkh', 'kjahsjdkh', 'jkashd', '1', '', '', '', 'Draft'),
(52, 'kjhh', 'hkj', 'hkh', 'kjh', '1', '', '', '', 'Draft'),
(53, 'bbb', 'b', 'b', 'bb', '1', '', '', '', 'Live'),
(54, 'kh', 'kjhk', 'h', 'jkh', '1', '', '', '', 'Live'),
(55, 'nn', 'n', 'n', 'nn', '2', '', '', '', 'Draft'),
(56, 'm', 'm', 'mm', 'm', '1', '', '', '', 'Live'),
(57, 'hjsagh', 'jhasgd', 'kjgasgd', 'jaksd', '2', '', '', '', 'Draft'),
(58, 'asdgj', 'hjasd', 'hjasdhg', 'hjsad', '2', '', '', '', 'Draft'),
(59, 'ajsdhk', 'jkashd', 'jhashjkdh', 'jashdk', '2', '', '', '', 'Draft'),
(60, 'jkashd', 'kjasjhd', 'jkashd', 'kjashd', '2', '', '', '', 'Draft'),
(61, 'asdh', 'jhags', 'jhasgdj', 'hjagsjdg', '2', '', '', '', 'Draft'),
(62, 'hashgd', 'hagshgd', 'hjasgd', 'hjagsjd', '2', '', '', '', 'Draft'),
(63, 'hjashgd', 'jhasgd', 'jhgjasd', 'hgajsd', '2', '', '', '', 'Draft'),
(64, 'ajsdg', 'hjagsjd', 'jhasgjgd', 'hjasgdj', '2', '', '', '', 'Draft'),
(65, 'sjadg', 'hjgsdg', 'ghjgasd', 'jgjhs', '2', '', '', '', 'Draft'),
(66, 'hjsg', 'hjasgd', 'hjsadg', 'hjasgd', '2', '', '', '', 'Draft'),
(67, 'hgh', 'hf', 'hgfg', 'fhgf', '1', '', '', '', 'Draft'),
(68, 'hjasjgd', 'jhasgd', 'jhsagdj', 'jhasgdj', '2', '', '', '', 'Draft'),
(69, 'jhagsjd', 'jhgasjdg', 'hjasgd', 'hjsadhg', '2', '', '', '', 'Draft'),
(70, 'hjasgjd', 'jhsgd', 'ghjsagdj', 'sjadg', '1', '', '', '', 'Draft'),
(71, 'hjasd', 'hagshd', 'hjsahgd', 'gjagsd', '1', '', '', '', 'Draft'),
(72, 'jhsagd', 'jhasgdj', 'jhgasdj', 'hjsagdhj', '1', '', '', '', 'Draft'),
(73, 'hjsahgd', 'hjgasjd', 'jhgjsadg', 'hjghsjagd', '1', '', '', '', 'Draft'),
(74, 'hasgdj', 'jgsajd', 'jgasdgh', 'jgajsgd', '1', '', '', '', 'Draft'),
(75, 'hjsadgj', 'jhasgjd', 'hjgasd', 'gjhsadgj', '2', '', '', '', 'Draft'),
(76, 'hjasjd', 'jhasghd', 'jhasdg', 'jgasjdg', '2', '', '', '', 'Draft'),
(77, 'hjsadh', 'hjasghd', 'hjasghdg', 'hjagshd', '2', '', '', '', 'Draft'),
(78, 'masjgd', 'jkhasjkd', 'kjahskd', 'jkashkd', '2', '', '', '', 'Draft'),
(79, 'asdhg', 'ajsdg', 'jhasgd', 'jasgjd', '2', '', '', '', 'Draft'),
(80, 'jas', 'jkasd', 'jkasdh', 'kjshad', '2', '', '', '', 'Draft'),
(81, 'hjsajg', 'jhasgd', 'jhsgad', 'hgasfdh', '2', '', '', '', 'Draft'),
(82, 'hjasgjd', 'jhasdg', 'jgasjd', 'jhsagjd', '2', '', '', '', 'Draft'),
(83, 'jasdg', 'jhasgd', 'hjasdg', 'jhasd', '2', '', '', '', 'Draft'),
(84, 'jkasdh', 'jashd', 'kjashd', 'kjasd', '2', '', '', '', 'Draft'),
(85, 'sad', 'jhasgd', 'hjsadjh', 'hjasgd', '1', '', '', '', 'Draft'),
(86, 'sjadjg', 'hjasd', 'jhhsgad', 'jhgajsdg', '2', '', '', '', 'Draft'),
(87, 'hjas', 'jhasgd', 'jhasgd', 'hjahgsd', '2', '', '', '', 'Draft'),
(88, 'asd', 'jasgd', 'jhgsadghj', 'jasgd', '2', '', '', '', 'Draft'),
(89, 'jsadgja', 'hjasgd', 'jhagsd', 'jhsgad', '2', '', '', '', 'Draft'),
(90, 'sajdg', 'jhasgd', 'jhhgasd', 'jhgjasd', '2', '', '', '', 'Live'),
(91, 'asd', 'jasgd', 'hjagsjd', 'hjgahsd', '2', '', '', '', 'Draft'),
(92, 'asdg', 'jhasgdh', 'jhsd', 'jhhgsad', '2', '', '', '', 'Draft'),
(93, 'ajskd', 'kjasjd', 'jkahsd', 'jgajksd', '2', '', '', '', 'Draft'),
(94, 'jasdk', 'kjasdkgh', 'jksakhgd', 'kjsagdk', '2', '', '', '', 'Draft'),
(95, 'asjdsa', 'hjsg', 'shasgd', 'hsafdvv', '1', '', '', '', 'Draft'),
(96, 'aksjdh', 'kjsgdkf', 'jkhsakdfgh', 'hjkshdgkfh', '2', '', '', '', 'Draft'),
(97, 'ajsd', 'sjadgjh', 'ajsdgj', 'jhgsjd', '1', '', '', '', 'Draft'),
(98, 'fgffg', 'dfdf', 'dfdffgf', 'ffdfd', '2', '', '', '', 'Live'),
(99, 'as', 'as', 'as', 'asas', '2', '', '', '', 'Draft'),
(100, 'dfgf', 'sds', 'fda', 'sdf', '1', '', '', '', 'Draft');

-- --------------------------------------------------------

--
-- Table structure for table `up_language`
--

CREATE TABLE IF NOT EXISTS `up_language` (
`id` int(11) NOT NULL,
  `language` varchar(255) CHARACTER SET utf8 COLLATE utf8_unicode_ci NOT NULL,
  `short_language` varchar(255) CHARACTER SET utf8 COLLATE utf8_unicode_ci NOT NULL,
  `slug` varchar(255) CHARACTER SET utf8 COLLATE utf8_unicode_ci NOT NULL,
  `ent_date` date NOT NULL,
  `upd_date` date DEFAULT NULL
) ENGINE=InnoDB  DEFAULT CHARSET=latin1 AUTO_INCREMENT=5 ;

--
-- Dumping data for table `up_language`
--

INSERT INTO `up_language` (`id`, `language`, `short_language`, `slug`, `ent_date`, `upd_date`) VALUES
(3, 'english', 'eng', 'english', '2016-04-27', NULL),
(4, 'nepali', 'nep', 'nepali', '2016-04-27', NULL);

-- --------------------------------------------------------

--
-- Table structure for table `up_message`
--

CREATE TABLE IF NOT EXISTS `up_message` (
`id` int(11) NOT NULL,
  `title` varchar(255) COLLATE utf8_unicode_ci NOT NULL,
  `from_user` int(11) NOT NULL,
  `to_user` int(11) NOT NULL,
  `published_date` varchar(255) COLLATE utf8_unicode_ci NOT NULL,
  `message` text COLLATE utf8_unicode_ci NOT NULL,
  `ent_date` int(11) NOT NULL,
  `upd_date` int(11) DEFAULT NULL,
  `slug` varchar(255) COLLATE utf8_unicode_ci NOT NULL,
  `status` enum('0','1') COLLATE utf8_unicode_ci NOT NULL DEFAULT '0'
) ENGINE=InnoDB  DEFAULT CHARSET=utf8 COLLATE=utf8_unicode_ci AUTO_INCREMENT=2 ;

--
-- Dumping data for table `up_message`
--

INSERT INTO `up_message` (`id`, `title`, `from_user`, `to_user`, `published_date`, `message`, `ent_date`, `upd_date`, `slug`, `status`) VALUES
(1, 'sachit', 2, 1, '1990-01-01', 'hey sachit whats up', 1413676800, NULL, 'sachit', '1');

-- --------------------------------------------------------

--
-- Table structure for table `up_messages`
--

CREATE TABLE IF NOT EXISTS `up_messages` (
`id` int(11) NOT NULL,
  `program_id` int(11) NOT NULL,
  `project_id` int(11) NOT NULL,
  `activity_id` int(11) NOT NULL,
  `assignment_id` int(11) NOT NULL,
  `assignedby_id` int(11) NOT NULL,
  `assignedto_id` int(11) NOT NULL,
  `message` varchar(255) NOT NULL,
  `ent_date` date NOT NULL,
  `upd_date` date DEFAULT NULL,
  `status` enum('draft','live') NOT NULL
) ENGINE=InnoDB  DEFAULT CHARSET=latin1 AUTO_INCREMENT=3 ;

--
-- Dumping data for table `up_messages`
--

INSERT INTO `up_messages` (`id`, `program_id`, `project_id`, `activity_id`, `assignment_id`, `assignedby_id`, `assignedto_id`, `message`, `ent_date`, `upd_date`, `status`) VALUES
(2, 1, 1, 1, 2, 1, 1, 'hey boy', '2014-10-21', '2014-10-21', 'live');

-- --------------------------------------------------------

--
-- Table structure for table `up_message_comment`
--

CREATE TABLE IF NOT EXISTS `up_message_comment` (
  `msg_id` int(11) NOT NULL,
`id` int(11) NOT NULL,
  `reply_user_id` int(11) NOT NULL,
  `comment` text COLLATE utf32_unicode_ci NOT NULL,
  `published_date` varchar(255) COLLATE utf32_unicode_ci NOT NULL,
  `slug` varchar(255) COLLATE utf32_unicode_ci NOT NULL,
  `status` enum('0','1') COLLATE utf32_unicode_ci NOT NULL DEFAULT '0',
  `ent_date` int(11) NOT NULL,
  `upd_date` int(11) DEFAULT NULL
) ENGINE=InnoDB  DEFAULT CHARSET=utf32 COLLATE=utf32_unicode_ci AUTO_INCREMENT=2 ;

--
-- Dumping data for table `up_message_comment`
--

INSERT INTO `up_message_comment` (`msg_id`, `id`, `reply_user_id`, `comment`, `published_date`, `slug`, `status`, `ent_date`, `upd_date`) VALUES
(1, 1, 2, 'I am fine harry and wbtu', '', '', '0', 1413676800, NULL);

-- --------------------------------------------------------

--
-- Table structure for table `up_modules`
--

CREATE TABLE IF NOT EXISTS `up_modules` (
`id` int(11) NOT NULL,
  `title` varchar(255) NOT NULL,
  `slug` varchar(255) NOT NULL,
  `ent_date` date NOT NULL,
  `upd_date` date DEFAULT NULL
) ENGINE=InnoDB  DEFAULT CHARSET=latin1 AUTO_INCREMENT=18 ;

--
-- Dumping data for table `up_modules`
--

INSERT INTO `up_modules` (`id`, `title`, `slug`, `ent_date`, `upd_date`) VALUES
(1, 'Banner', 'banner', '2014-02-28', NULL),
(2, 'Modules', 'modules', '2014-02-28', NULL),
(3, 'Navigation', 'navigation', '2014-02-28', NULL),
(4, 'Pages', 'pages', '2014-02-28', NULL),
(5, 'Groups', 'groups', '2014-02-28', NULL),
(6, 'Permissions', 'permissions', '2014-02-28', NULL),
(7, 'Settings', 'settings', '2014-02-28', NULL),
(8, 'Users', 'users', '2014-04-04', NULL),
(13, 'sample', 'sample', '2016-01-27', NULL),
(14, 'sample_attachment', 'sample_attachment', '2016-01-27', NULL),
(15, 'Dynamic', 'dynamic', '2016-03-29', NULL),
(16, 'Kharid_bibaran', 'kharid_bibaran', '2016-03-31', NULL),
(17, 'language', 'language', '2016-04-19', NULL);

-- --------------------------------------------------------

--
-- Table structure for table `up_navigation`
--

CREATE TABLE IF NOT EXISTS `up_navigation` (
`id` int(11) NOT NULL,
  `group_id` int(11) NOT NULL,
  `title` varchar(255) CHARACTER SET utf16 COLLATE utf16_unicode_ci NOT NULL,
  `slug` varchar(255) CHARACTER SET utf16 COLLATE utf16_unicode_ci NOT NULL,
  `parent_id` int(11) NOT NULL,
  `navtype` varchar(255) CHARACTER SET utf16 COLLATE utf16_unicode_ci NOT NULL,
  `module_id` int(11) DEFAULT NULL,
  `page_id` int(11) DEFAULT NULL,
  `language_id` int(11) NOT NULL,
  `site_uri` varchar(255) CHARACTER SET utf16 COLLATE utf16_unicode_ci DEFAULT NULL,
  `link_url` text CHARACTER SET utf16 COLLATE utf16_unicode_ci,
  `position` varchar(255) CHARACTER SET utf16 COLLATE utf16_unicode_ci DEFAULT NULL,
  `status` enum('draft','live') CHARACTER SET utf16 COLLATE utf16_unicode_ci NOT NULL DEFAULT 'draft'
) ENGINE=InnoDB  DEFAULT CHARSET=latin1 AUTO_INCREMENT=8 ;

--
-- Dumping data for table `up_navigation`
--

INSERT INTO `up_navigation` (`id`, `group_id`, `title`, `slug`, `parent_id`, `navtype`, `module_id`, `page_id`, `language_id`, `site_uri`, `link_url`, `position`, `status`) VALUES
(1, 1, 'Home', 'home', 0, 'Page', 0, 1, 0, 'NULL', 'NULL', '1', 'live'),
(2, 1, 'About Us', 'about-us', 0, 'Page', 0, 22, 0, '', 'NULL', '2', 'live'),
(3, 1, 'Contact Us', 'contact-us', 0, 'Page', 0, 23, 0, '', 'NULL', '3', 'live'),
(4, 2, 'Home', 'home', 0, 'Page', 0, 1, 0, '', 'NULL', '1', 'live'),
(5, 2, 'About Us', 'about-us', 0, 'Page', 0, 2, 0, '', 'NULL', '2', 'live'),
(6, 2, 'Contact Us', 'contact-us', 0, 'Page', 0, 3, 0, '', 'NULL', '3', 'live'),
(7, 0, 'yy', 'yy', 6, 'Page', 0, 23, 0, '', 'NULL', '1', 'live');

-- --------------------------------------------------------

--
-- Table structure for table `up_navigation_group`
--

CREATE TABLE IF NOT EXISTS `up_navigation_group` (
`id` int(11) NOT NULL,
  `title` varchar(255) NOT NULL,
  `slug` varchar(255) NOT NULL
) ENGINE=InnoDB  DEFAULT CHARSET=latin1 AUTO_INCREMENT=7 ;

--
-- Dumping data for table `up_navigation_group`
--

INSERT INTO `up_navigation_group` (`id`, `title`, `slug`) VALUES
(1, 'Header', 'header'),
(2, 'Footer', 'footer'),
(3, 'Sidebar', 'sidebar'),
(5, 'test', 'test'),
(6, 'test', 'test');

-- --------------------------------------------------------

--
-- Table structure for table `up_pages`
--

CREATE TABLE IF NOT EXISTS `up_pages` (
`id` int(11) NOT NULL,
  `title` varchar(255) CHARACTER SET utf8 COLLATE utf8_unicode_ci NOT NULL,
  `slug` varchar(255) NOT NULL,
  `description` text CHARACTER SET utf16 COLLATE utf16_unicode_ci NOT NULL,
  `search_keys` varchar(240) NOT NULL,
  `meta_description` varchar(240) NOT NULL,
  `option` enum('yes','no') DEFAULT NULL,
  `attachment` varchar(255) DEFAULT NULL,
  `language_id` int(11) NOT NULL,
  `ent_date` date NOT NULL,
  `upd_date` date DEFAULT NULL,
  `status` enum('draft','live') NOT NULL DEFAULT 'draft'
) ENGINE=InnoDB  DEFAULT CHARSET=latin1 AUTO_INCREMENT=87 ;

--
-- Dumping data for table `up_pages`
--

INSERT INTO `up_pages` (`id`, `title`, `slug`, `description`, `search_keys`, `meta_description`, `option`, `attachment`, `language_id`, `ent_date`, `upd_date`, `status`) VALUES
(1, 'Home', 'home', '', '', '', NULL, NULL, 1, '2014-02-28', NULL, 'live'),
(22, 'About Us', 'about-us', '<p>Upveda Technology Pvt. Ltd was established in December 2010 as a software firm based in Nepal with an aim to provide software development services to multifarious organizations. Upveda Technology aims to foster customized software solutions to our clients by understanding the real time problems and thus providing our clients with high end software solutions. We emphasize on creating an ambiance where our customers’ values are well understood and are transformed to user friendly solutions..</p>', 'about  us', '<p>team</p>', NULL, '22_english', 3, '2015-12-15', '2016-01-27', 'live'),
(23, 'Contact Us', 'contact-us', '<address>\r\n<p>01-4264609</p>\r\n<p><br>House Number: 163,<br>        <br>Pragati Marg-2, Anamnagar <br>        <br>Kathmandu, Nepal<br>info@upvedatech.com</p>\r\n</address>', 'contact us', '<p>team</p>', 'no', '23.png', 3, '2015-12-15', '2016-04-06', 'draft'),
(24, 'test', 'test', '', 'hhhh', '', 'no', 'd41d8cd98f00b204e9800998ecf8427e.jpg', 0, '2016-04-07', NULL, 'live'),
(25, 'hhio_nepalisssssssssssssssss', 'nbnbisssssssssssssss', '', 'trtrtr', '', NULL, NULL, 0, '0000-00-00', NULL, 'live'),
(26, 'nbnb', 'hh', '<p>n</p>', 'nb', '<p>b</p>', NULL, '25_nepali6.JPG', 4, '0000-00-00', NULL, 'draft'),
(27, 'hello1_nepali', 'hello1', '', 'jjj', '', NULL, NULL, 0, '0000-00-00', NULL, 'live'),
(30, 'hyh', 'hyh', '<p>hie</p>', 'he', '<p>hie</p>', NULL, '30_english3.jpg', 3, '0000-00-00', NULL, 'live'),
(31, 'kkyh', 'hyh', '<p>nkk</p>', 'kio', '<p>kkl</p>', NULL, '31_nepali.jpg', 4, '0000-00-00', NULL, 'live'),
(33, 'heroharrydai', 'heroharrydai', '<p>i</p>', 'ii', '<p>i</p>', NULL, '33_english', 3, '0000-00-00', NULL, 'live'),
(34, 'hero nepali dai', 'heroharrydai', '<p>??</p>', '??', '<p>??</p>', NULL, '33_nepali', 4, '0000-00-00', NULL, 'live'),
(35, 'www', 'www', '<p>j</p>', 'jjj', '<p>jj</p>', NULL, '35_english.jpg', 3, '0000-00-00', NULL, 'live'),
(37, 'qqq', 'qqq', '<p>j</p>', 'uy', '<p>yu</p>', NULL, '37_english.jpg', 3, '0000-00-00', NULL, 'live'),
(38, '???', 'qqq', '<p>n?</p>', '??', '<p>???</p>', NULL, '37_nepali.jpg', 4, '0000-00-00', NULL, 'draft'),
(39, 'uff', 'uff', '', 'hkj', '<p>h</p>', NULL, '39_english', 3, '0000-00-00', NULL, 'live'),
(43, 'zz', 'zz', '<p>xx</p>', 'xx', '<p>xxh</p>', NULL, '43_english', 3, '0000-00-00', NULL, 'live'),
(44, 'nbnbq', 'zz', '<p>nd</p>', 'aa', '<p>bd</p>', NULL, '43_nepali', 4, '0000-00-00', NULL, 'live'),
(48, 'hhe', 'hhe', '<p>gg</p>', 'hkj', '<p>hr</p>', NULL, '48_english.jpg', 3, '0000-00-00', NULL, 'live'),
(49, 'nbnbess', 'hhe', '<p>ne</p>', 'w', '<p>be</p>', NULL, '48_nepali.jpg', 4, '0000-00-00', NULL, 'draft'),
(50, 'हर्री दाई', 'harrydai', '', '??', '', NULL, NULL, 0, '2016-05-02', NULL, 'live'),
(51, 'hhio_nepali', 'hhio', '', '', '', NULL, '_nepali', 4, '2016-05-02', NULL, 'live'),
(52, 'hhioooo_nepali', 'hhio000_english', '', 'kkk', '', NULL, NULL, 0, '2016-05-02', NULL, 'live'),
(53, 'hhio_english', 'hhio', '', '', '', NULL, '_english', 3, '2016-05-02', NULL, 'live'),
(54, 'test_english', 'test_english', '', 'gjgg', '', NULL, '55_english.jpg', 3, '2016-05-02', NULL, 'live'),
(55, 'test_nepali', 'test_english', '', 'gtut', '', NULL, '55_nepali.jpg', 4, '2016-05-02', NULL, 'live'),
(56, 'hh_english', 'hh', '', '', '', NULL, '_english', 3, '2016-05-02', NULL, 'live'),
(57, 'hello_nepali', 'hello', '', '', '', NULL, '_nepali', 4, '2016-05-02', NULL, 'live'),
(58, 'n_nepali', 'n_english', '', 'ni', '', NULL, NULL, 0, '2016-05-03', NULL, 'live'),
(59, 'nbnbissssssss_nepali', 'nbnbissssssssssss_english', '', 'ooo', '', NULL, NULL, 0, '2016-05-03', NULL, 'live'),
(60, 'nbnbissssssssssss_english', 'nbnbissssssssssss_english', '', '', '', NULL, NULL, 0, '2016-05-03', NULL, 'live'),
(61, 'hello1_english', 'hello1', '', '', '', NULL, NULL, 3, '2016-05-03', NULL, 'live'),
(69, 'harrytestedit', 'harrytestedit', '<p>fkjdhgkhgkh</p>', 'hkjgfdhkjgh`', '<p>kjdhgkjhdf</p>', NULL, '69_english6.jpg', 3, '0000-00-00', NULL, 'live'),
(70, 'harry englishedit', 'harrytestedit', '<p>hgjgjhg</p>', 'jhghjg', '<p>g</p>', NULL, '69_nepali6.jpg', 4, '0000-00-00', NULL, 'live'),
(71, 'about-us_english', 'about-us', '', '', '', NULL, NULL, 3, '2016-05-03', NULL, 'live'),
(72, 'अबौत उस', 'about-us', '<p>जीना बुढाथोकी जीना बुढाथोकीजीना बुढाथोकी</p>\r\n<p>जीना बुढाथोकीजीना बुढाथोकी</p>\r\n<p>जीना बुढाथोकीजीना बुढाथोकी</p>', 'jjj', '', NULL, '22_nepali', 4, '2016-05-03', NULL, 'live'),
(73, 'hoooo', 'hoooo', '<p>hoo</p>', 'hoo', '<p>hoo</p>', NULL, '73_english.jpg', 3, '0000-00-00', NULL, 'live'),
(74, '', 'hoooo', '', 'kkkk', '<p>lll</p>', NULL, '73_nepali.jpg', 4, '0000-00-00', NULL, 'live'),
(75, 'kkk', 'kkk', '<p>lll</p>', 'uuu', '<p>jjj</p>', NULL, 'Viscose rayon - the oldest man made fiber - versatile fiber yarn.htm', 3, '0000-00-00', NULL, 'live'),
(77, 'rup', 'rup', '', '', '', NULL, 'Viscose rayon - the oldest man made fiber - versatile fiber yarn.htm', 3, '0000-00-00', NULL, 'draft'),
(78, 'रुप', 'rup', '', '???', '', NULL, '77_nepali', 4, '0000-00-00', NULL, 'draft'),
(79, 'jeena', 'jeena', '<p>jeena description</p>', 'dfsgsdggd  fgs g', '<p>descritioon mera data</p>', NULL, '79_english5.jpg', 3, '0000-00-00', NULL, 'live'),
(80, 'fdfsdfsd', 'jeena', '<p>fdsafasdf</p>', 'dfdfdsf', '<p>fdsfdfdsf</p>', NULL, '79_nepali5.jpg', 4, '0000-00-00', NULL, 'live'),
(81, 'sdasd', 'sdasd', '<p>fdsafasdf</p>', 'fdsfsd', '<p>fdsf</p>', NULL, '81_english.jpg', 3, '0000-00-00', NULL, 'live'),
(82, 'रुपा', 'sdasd', '<p>fsdfsd</p>', 'jhgjhgjh', '<p>gjgjjjh</p>', NULL, '81_nepali.jpg', 4, '0000-00-00', NULL, 'live'),
(83, 'bhagwan', 'bhagwan', '<p>hhjhh</p>', 'gggg', '<p>gggg</p>', NULL, '83_english.JPG', 3, '0000-00-00', NULL, 'live'),
(85, 'kamal', 'kamal', '<p>kamal</p>', 'kamal', '<p>kama</p>', NULL, '85_english.jpg', 3, '0000-00-00', NULL, 'live'),
(86, 'कमल', 'kamal', '<p>कमल</p>', '???', '<p>???</p>', NULL, '85_nepali.jpg', 4, '0000-00-00', NULL, 'live');

-- --------------------------------------------------------

--
-- Table structure for table `up_pagesold`
--

CREATE TABLE IF NOT EXISTS `up_pagesold` (
`id` int(11) NOT NULL,
  `title` varchar(255) NOT NULL,
  `slug` varchar(255) NOT NULL,
  `description` text NOT NULL,
  `ent_date` date NOT NULL,
  `upd_date` date DEFAULT NULL,
  `status` enum('draft','live') NOT NULL DEFAULT 'draft'
) ENGINE=InnoDB  DEFAULT CHARSET=latin1 AUTO_INCREMENT=5 ;

--
-- Dumping data for table `up_pagesold`
--

INSERT INTO `up_pagesold` (`id`, `title`, `slug`, `description`, `ent_date`, `upd_date`, `status`) VALUES
(1, 'Home', 'home', '', '2014-02-28', NULL, 'live'),
(2, 'About Us', 'about-us', '<h3>About Us</h3>\n<p>\nUpveda Technology Pvt. Ltd was established in December 2010 as a software firm with an aim to provide software development services to variety of organizations including Government institutions and Small and Medium Sized Enterprises. Upveda Technology aims to foster customized software solutions to cater to the clients&#39; unique and real time needs. Upveda technology Pvt. Ltd emphasizes on creating a competitive ambience to its customers through its niche software solutions. Since its inception Upveda Technology Pvt. Ltd has believed in creating value to its customers through conceptualization consulting and software development services for real time problems.&nbsp;\n</p>\n', '2014-03-03', '2014-04-08', 'live'),
(3, 'Contact Us', 'contact-us', '<h3>Contact Us</h3>', '2014-04-07', '2014-04-08', 'live'),
(4, 'test', 'test', 'This is test\r\n', '2014-10-16', '2014-10-16', 'draft');

-- --------------------------------------------------------

--
-- Table structure for table `up_permissions`
--

CREATE TABLE IF NOT EXISTS `up_permissions` (
`id` int(11) NOT NULL,
  `group_id` int(11) NOT NULL,
  `roles` text NOT NULL
) ENGINE=InnoDB  DEFAULT CHARSET=latin1 AUTO_INCREMENT=4 ;

--
-- Dumping data for table `up_permissions`
--

INSERT INTO `up_permissions` (`id`, `group_id`, `roles`) VALUES
(2, 1, 'a:0:{}'),
(3, 2, 'a:4:{i:1;s:9:"1v1e1d1a1";i:3;s:3:"3e3";i:4;s:5:"4v4e4";i:13;s:11:"13v13e13a13";}');

-- --------------------------------------------------------

--
-- Table structure for table `up_sample`
--

CREATE TABLE IF NOT EXISTS `up_sample` (
`id` int(100) NOT NULL,
  `title` varchar(250) COLLATE utf8_unicode_ci NOT NULL,
  `description` text COLLATE utf8_unicode_ci NOT NULL,
  `meta_description` varchar(250) COLLATE utf8_unicode_ci NOT NULL,
  `search_keys` varchar(250) COLLATE utf8_unicode_ci NOT NULL,
  `language_id` int(11) NOT NULL,
  `upd_date` date DEFAULT NULL,
  `ent_date` date NOT NULL,
  `slug` varchar(11) COLLATE utf8_unicode_ci NOT NULL,
  `status` enum('draft','live') COLLATE utf8_unicode_ci NOT NULL
) ENGINE=InnoDB  DEFAULT CHARSET=utf8 COLLATE=utf8_unicode_ci AUTO_INCREMENT=12 ;

--
-- Dumping data for table `up_sample`
--

INSERT INTO `up_sample` (`id`, `title`, `description`, `meta_description`, `search_keys`, `language_id`, `upd_date`, `ent_date`, `slug`, `status`) VALUES
(1, 'nepali', '<p>kjh</p>', '', 'kjh', 1, NULL, '0000-00-00', 'nepali', 'draft'),
(2, 'english', '<p>hjk</p>', '', 'test', 2, NULL, '0000-00-00', 'nepali', 'draft'),
(4, 'nepali test', '<p>hello</p>', '', 'hh', 1, NULL, '0000-00-00', 'nepali-test', 'live'),
(5, 'english test', '<p>hello</p>', '', 'hhh', 2, NULL, '0000-00-00', 'nepali-test', 'live'),
(6, 'test', '<p>tes</p>', '', 'test', 3, NULL, '0000-00-00', '', 'live'),
(7, 'test', '<p>tes</p>', '', 'test', 4, NULL, '0000-00-00', '', 'live'),
(8, 'test_english', '<p>hh</p>', '', 'hh', 3, NULL, '0000-00-00', '', 'live'),
(9, 'test_nepali', '<p>hh</p>', '', 'hhh', 4, NULL, '0000-00-00', '', 'live'),
(10, 'hello', '<p>hello</p>', '', 'hello', 3, NULL, '0000-00-00', 'hello', 'live'),
(11, 'hello', '<p>hello</p>', '', 'hello', 4, NULL, '0000-00-00', 'hello', 'live');

-- --------------------------------------------------------

--
-- Table structure for table `up_sample_attachment`
--

CREATE TABLE IF NOT EXISTS `up_sample_attachment` (
`id` int(100) NOT NULL,
  `title` varchar(250) COLLATE utf8_unicode_ci NOT NULL,
  `description` text COLLATE utf8_unicode_ci NOT NULL,
  `meta_description` varchar(250) COLLATE utf8_unicode_ci NOT NULL,
  `search_keys` varchar(250) COLLATE utf8_unicode_ci NOT NULL,
  `upd_date` date DEFAULT NULL,
  `ent_date` date NOT NULL,
  `slug` int(11) NOT NULL,
  `status` enum('draft','live') COLLATE utf8_unicode_ci NOT NULL,
  `attachment` varchar(255) COLLATE utf8_unicode_ci DEFAULT NULL
) ENGINE=InnoDB  DEFAULT CHARSET=utf8 COLLATE=utf8_unicode_ci AUTO_INCREMENT=8 ;

--
-- Dumping data for table `up_sample_attachment`
--

INSERT INTO `up_sample_attachment` (`id`, `title`, `description`, `meta_description`, `search_keys`, `upd_date`, `ent_date`, `slug`, `status`, `attachment`) VALUES
(1, 'Upvedacms', '<div class="center wow fadeInDown animated">\r\n<p class="lead">Upveda Technology Pvt. Ltd has a rich history of working with the government, bilateral/ multilateral donors, non-governmental organizations, political actors and civil society organizations. Upveda Technology has highly technical professionals and support staff. We also maintain roster of software consultants and partner with multitude of organizations with expertise in various domains. We are dedicated to delivering added value to our customers by providing innovative, profit-delivering software as well as technical support and expertise to help our clients achieve their business goals.</p>\r\n</div>\r\n<div class="row">\r\n<div class="col-sm-3">\r <div class="sinlge-skill wow fadeInDown animated" data-wow-durati data-wow-delay="300ms">\r\n<div class="joomla-skill">\r\n<p>&nbsp;</p>\r\n</div>\r\n</div>\r\n</div>\r\n<div class="col-sm-3">&nbsp;</div>\r\n</div>', 'upvedacms', 'upvedacms', '2016-01-27', '2016-01-27', 0, 'live', '1.jpg'),
(2, 'technology', '<div class="center wow fadeInDown animated">\r\n<p class="lead">Upveda Technology Pvt. Ltd has a rich history of working with the government, bilateral/ multilateral donors, non-governmental organizations, political actors and civil society organizations. Upveda Technology has highly technical professionals and support staff. We also maintain roster of software consultants and partner with multitude of organizations with expertise in various domains. We are dedicated to delivering added value to our customers by providing innovative, profit-delivering software as well as technical support and expertise to help our clients achieve their business goals.</p>\r\n</div>\r\n<div class="row">&nbsp;</div>', 'technology', 'technology', NULL, '2016-01-27', 0, 'draft', '2.jpg'),
(3, 'hello', '<p>hello</p>', 'hello', 'hello', NULL, '2016-03-23', 0, 'live', NULL),
(4, 'hello', '<p>hello</p>', 'hello', 'hello', NULL, '2016-03-23', 0, 'live', NULL),
(5, 'hello', '<p>hello</p>', 'hello', 'hello', NULL, '2016-03-23', 0, 'live', NULL),
(6, 'hello', '<p>hello</p>', 'hello', 'hello', NULL, '2016-03-23', 0, 'live', NULL),
(7, 'test', '<p>test</p>', 'test', 'test', NULL, '2016-03-24', 0, 'live', NULL);

-- --------------------------------------------------------

--
-- Table structure for table `up_settings`
--

CREATE TABLE IF NOT EXISTS `up_settings` (
  `id` int(11) NOT NULL,
  `site_name` varchar(255) NOT NULL,
  `meta_topic` varchar(255) NOT NULL,
  `meta_data` varchar(255) NOT NULL,
  `contact_email` varchar(255) NOT NULL,
  `date_format` varchar(255) NOT NULL,
  `frontend_enabled` enum('open','closed') NOT NULL DEFAULT 'open',
  `unavailable_message` text NOT NULL,
  `favicon` varchar(255) NOT NULL,
  `logo` varchar(255) NOT NULL,
  `per_page` int(11) DEFAULT NULL
) ENGINE=InnoDB DEFAULT CHARSET=latin1;

--
-- Dumping data for table `up_settings`
--

INSERT INTO `up_settings` (`id`, `site_name`, `meta_topic`, `meta_data`, `contact_email`, `date_format`, `frontend_enabled`, `unavailable_message`, `favicon`, `logo`, `per_page`) VALUES
(1, 'UpvedaCMS', 'Upveda Technology Pvt. Ltd.', 'A company that provides web solutions.', 'sachit_karki@hotmail.com', 'F j, Y', 'open', 'Sorry, this website is currently unavailable. Please try again later. Thank You!', 'favicon.ico', 'logo.png', 10);

-- --------------------------------------------------------

--
-- Table structure for table `up_student`
--

CREATE TABLE IF NOT EXISTS `up_student` (
`id` int(11) NOT NULL,
  `name` varchar(255) NOT NULL,
  `slug` varchar(255) NOT NULL,
  `ent_date` int(11) NOT NULL,
  `upd_date` int(11) DEFAULT NULL,
  `status` enum('draft','live') NOT NULL
) ENGINE=InnoDB  DEFAULT CHARSET=latin1 AUTO_INCREMENT=7 ;

--
-- Dumping data for table `up_student`
--

INSERT INTO `up_student` (`id`, `name`, `slug`, `ent_date`, `upd_date`, `status`) VALUES
(1, 'Bibek Munikar1', 'bibek-munikar1', 2014, 2014, 'draft'),
(4, 'aashishbhandari', 'aashishbhandari', 2014, NULL, 'draft'),
(6, 'Pak Slovak and Business Forum', 'pak-slovak-and-business-forum', 2014, NULL, 'draft');

-- --------------------------------------------------------

--
-- Table structure for table `up_task`
--

CREATE TABLE IF NOT EXISTS `up_task` (
`id` int(100) NOT NULL,
  `title` varchar(250) COLLATE utf8_unicode_ci NOT NULL,
  `description` text COLLATE utf8_unicode_ci NOT NULL,
  `slug` varchar(250) COLLATE utf8_unicode_ci NOT NULL,
  `priority` int(250) NOT NULL,
  `ent_date` date NOT NULL,
  `upd_date` date NOT NULL
) ENGINE=InnoDB  DEFAULT CHARSET=utf8 COLLATE=utf8_unicode_ci AUTO_INCREMENT=4 ;

--
-- Dumping data for table `up_task`
--

INSERT INTO `up_task` (`id`, `title`, `description`, `slug`, `priority`, `ent_date`, `upd_date`) VALUES
(1, 'Test', 'This the Test of the module if it work or not', 'test', 5, '0000-00-00', '0000-00-00'),
(2, 'Check', 'This is the checking the task of the upvedacms', 'check', 3, '0000-00-00', '2015-02-01'),
(3, 'Success', 'This is used too  check the successs ', 'success', 1, '2014-02-01', '2015-02-03');

-- --------------------------------------------------------

--
-- Table structure for table `up_users`
--

CREATE TABLE IF NOT EXISTS `up_users` (
`id` bigint(20) unsigned NOT NULL,
  `email` varchar(100) COLLATE utf8_unicode_ci NOT NULL,
  `display_name` varchar(100) COLLATE utf8_unicode_ci NOT NULL,
  `username` varchar(20) COLLATE utf8_unicode_ci NOT NULL,
  `password` text COLLATE utf8_unicode_ci NOT NULL,
  `group_id` int(11) DEFAULT NULL,
  `activation_code` varchar(40) COLLATE utf8_unicode_ci DEFAULT NULL,
  `created_on` int(11) NOT NULL,
  `last_login` int(11) DEFAULT NULL
) ENGINE=InnoDB  DEFAULT CHARSET=utf8 COLLATE=utf8_unicode_ci COMMENT='Registered User Information' AUTO_INCREMENT=5 ;

--
-- Dumping data for table `up_users`
--

INSERT INTO `up_users` (`id`, `email`, `display_name`, `username`, `password`, `group_id`, `activation_code`, `created_on`, `last_login`) VALUES
(1, 'info@upvedatech.com', 'Upveda technology', 'admin', 'c2bc653ba87b56385b77c0fd8992545e09bf5b1985ae2d6e32be8de8c79bdd2a73dd16538f4a905aca9a5a61eb3eb70d3f62fc3a55284198d9de813273797e6b', 1, NULL, 1390966800, 1390966800),
(2, 'drpunkrocker@yahoo.com', 'Harry', 'user', '86b0c3e5f0fcfa7939794dadab22dbf1b5721458d2d370e2326be11b0b23612de4b45d2e175115e832477b501ca62c9c716b1a3433d8d40351914883b6abf8ad', 2, NULL, 1390966800, 1390966800),
(3, 'test', 'test', 'test', '82c8ecfb26da2734ca8bd7aea6bdbb5bceaa9c5127dad4b071c1c3f30e136f6fe329a78b4ef06653589dc9a6ab07eaf88a241a081a21805f251ec869acbda4a1', 2, NULL, 2016, NULL),
(4, 'hello@gmail.com', 'hello', 'hello1', '15c217b6d5a725ff0936d49fabb5dd13a882fdc07519305b75738ae59d80d5115cbe99b8a28c247d47764c28fc2dd0ceeddd8279d61d9bce6c732c4e67cfffbe', 2, NULL, 2016, NULL);

-- --------------------------------------------------------

--
-- Table structure for table `up_users_groups`
--

CREATE TABLE IF NOT EXISTS `up_users_groups` (
`id` int(11) NOT NULL,
  `name` varchar(100) COLLATE utf8_unicode_ci NOT NULL
) ENGINE=InnoDB  DEFAULT CHARSET=utf8 COLLATE=utf8_unicode_ci AUTO_INCREMENT=3 ;

--
-- Dumping data for table `up_users_groups`
--

INSERT INTO `up_users_groups` (`id`, `name`) VALUES
(1, 'admin'),
(2, 'user');

-- --------------------------------------------------------

--
-- Table structure for table `up_users_profiles`
--

CREATE TABLE IF NOT EXISTS `up_users_profiles` (
`id` bigint(20) NOT NULL,
  `created` datetime DEFAULT NULL,
  `updated` datetime DEFAULT NULL,
  `created_by` int(11) DEFAULT NULL,
  `user_id` int(11) unsigned NOT NULL,
  `first_name` varchar(50) COLLATE utf8_unicode_ci NOT NULL,
  `last_name` varchar(50) COLLATE utf8_unicode_ci NOT NULL,
  `bio` text COLLATE utf8_unicode_ci,
  `dob` int(11) DEFAULT NULL,
  `gender` enum('m','f') COLLATE utf8_unicode_ci DEFAULT NULL,
  `phone` varchar(20) COLLATE utf8_unicode_ci DEFAULT NULL,
  `mobile` varchar(20) COLLATE utf8_unicode_ci DEFAULT NULL,
  `address` varchar(255) COLLATE utf8_unicode_ci DEFAULT NULL,
  `updated_on` int(11) unsigned DEFAULT NULL
) ENGINE=MyISAM  DEFAULT CHARSET=utf8 COLLATE=utf8_unicode_ci AUTO_INCREMENT=2 ;

--
-- Dumping data for table `up_users_profiles`
--

INSERT INTO `up_users_profiles` (`id`, `created`, `updated`, `created_by`, `user_id`, `first_name`, `last_name`, `bio`, `dob`, `gender`, `phone`, `mobile`, `address`, `updated_on`) VALUES
(1, NULL, NULL, NULL, 1, 'sachit', 'karki', NULL, NULL, NULL, NULL, NULL, NULL, NULL);

--
-- Indexes for dumped tables
--

--
-- Indexes for table `ci_sessions`
--
ALTER TABLE `ci_sessions`
 ADD PRIMARY KEY (`id`), ADD KEY `ci_sessions_timestamp` (`timestamp`);

--
-- Indexes for table `up_banner`
--
ALTER TABLE `up_banner`
 ADD PRIMARY KEY (`id`);

--
-- Indexes for table `up_dynamic`
--
ALTER TABLE `up_dynamic`
 ADD PRIMARY KEY (`id`);

--
-- Indexes for table `up_language`
--
ALTER TABLE `up_language`
 ADD PRIMARY KEY (`id`);

--
-- Indexes for table `up_message`
--
ALTER TABLE `up_message`
 ADD PRIMARY KEY (`id`);

--
-- Indexes for table `up_messages`
--
ALTER TABLE `up_messages`
 ADD PRIMARY KEY (`id`);

--
-- Indexes for table `up_message_comment`
--
ALTER TABLE `up_message_comment`
 ADD PRIMARY KEY (`id`);

--
-- Indexes for table `up_modules`
--
ALTER TABLE `up_modules`
 ADD PRIMARY KEY (`id`), ADD UNIQUE KEY `title` (`title`);

--
-- Indexes for table `up_navigation`
--
ALTER TABLE `up_navigation`
 ADD PRIMARY KEY (`id`);

--
-- Indexes for table `up_navigation_group`
--
ALTER TABLE `up_navigation_group`
 ADD PRIMARY KEY (`id`);

--
-- Indexes for table `up_pages`
--
ALTER TABLE `up_pages`
 ADD PRIMARY KEY (`id`), ADD UNIQUE KEY `title` (`title`);

--
-- Indexes for table `up_pagesold`
--
ALTER TABLE `up_pagesold`
 ADD PRIMARY KEY (`id`), ADD UNIQUE KEY `title` (`title`);

--
-- Indexes for table `up_permissions`
--
ALTER TABLE `up_permissions`
 ADD PRIMARY KEY (`id`);

--
-- Indexes for table `up_sample`
--
ALTER TABLE `up_sample`
 ADD PRIMARY KEY (`id`);

--
-- Indexes for table `up_sample_attachment`
--
ALTER TABLE `up_sample_attachment`
 ADD PRIMARY KEY (`id`);

--
-- Indexes for table `up_student`
--
ALTER TABLE `up_student`
 ADD PRIMARY KEY (`id`);

--
-- Indexes for table `up_task`
--
ALTER TABLE `up_task`
 ADD PRIMARY KEY (`id`);

--
-- Indexes for table `up_users`
--
ALTER TABLE `up_users`
 ADD PRIMARY KEY (`id`), ADD UNIQUE KEY `email` (`email`), ADD UNIQUE KEY `username` (`username`);

--
-- Indexes for table `up_users_groups`
--
ALTER TABLE `up_users_groups`
 ADD PRIMARY KEY (`id`);

--
-- Indexes for table `up_users_profiles`
--
ALTER TABLE `up_users_profiles`
 ADD PRIMARY KEY (`id`);

--
-- AUTO_INCREMENT for dumped tables
--

--
-- AUTO_INCREMENT for table `up_banner`
--
ALTER TABLE `up_banner`
MODIFY `id` int(11) NOT NULL AUTO_INCREMENT,AUTO_INCREMENT=11;
--
-- AUTO_INCREMENT for table `up_dynamic`
--
ALTER TABLE `up_dynamic`
MODIFY `id` int(11) NOT NULL AUTO_INCREMENT,AUTO_INCREMENT=101;
--
-- AUTO_INCREMENT for table `up_language`
--
ALTER TABLE `up_language`
MODIFY `id` int(11) NOT NULL AUTO_INCREMENT,AUTO_INCREMENT=5;
--
-- AUTO_INCREMENT for table `up_message`
--
ALTER TABLE `up_message`
MODIFY `id` int(11) NOT NULL AUTO_INCREMENT,AUTO_INCREMENT=2;
--
-- AUTO_INCREMENT for table `up_messages`
--
ALTER TABLE `up_messages`
MODIFY `id` int(11) NOT NULL AUTO_INCREMENT,AUTO_INCREMENT=3;
--
-- AUTO_INCREMENT for table `up_message_comment`
--
ALTER TABLE `up_message_comment`
MODIFY `id` int(11) NOT NULL AUTO_INCREMENT,AUTO_INCREMENT=2;
--
-- AUTO_INCREMENT for table `up_modules`
--
ALTER TABLE `up_modules`
MODIFY `id` int(11) NOT NULL AUTO_INCREMENT,AUTO_INCREMENT=18;
--
-- AUTO_INCREMENT for table `up_navigation`
--
ALTER TABLE `up_navigation`
MODIFY `id` int(11) NOT NULL AUTO_INCREMENT,AUTO_INCREMENT=8;
--
-- AUTO_INCREMENT for table `up_navigation_group`
--
ALTER TABLE `up_navigation_group`
MODIFY `id` int(11) NOT NULL AUTO_INCREMENT,AUTO_INCREMENT=7;
--
-- AUTO_INCREMENT for table `up_pages`
--
ALTER TABLE `up_pages`
MODIFY `id` int(11) NOT NULL AUTO_INCREMENT,AUTO_INCREMENT=87;
--
-- AUTO_INCREMENT for table `up_pagesold`
--
ALTER TABLE `up_pagesold`
MODIFY `id` int(11) NOT NULL AUTO_INCREMENT,AUTO_INCREMENT=5;
--
-- AUTO_INCREMENT for table `up_permissions`
--
ALTER TABLE `up_permissions`
MODIFY `id` int(11) NOT NULL AUTO_INCREMENT,AUTO_INCREMENT=4;
--
-- AUTO_INCREMENT for table `up_sample`
--
ALTER TABLE `up_sample`
MODIFY `id` int(100) NOT NULL AUTO_INCREMENT,AUTO_INCREMENT=12;
--
-- AUTO_INCREMENT for table `up_sample_attachment`
--
ALTER TABLE `up_sample_attachment`
MODIFY `id` int(100) NOT NULL AUTO_INCREMENT,AUTO_INCREMENT=8;
--
-- AUTO_INCREMENT for table `up_student`
--
ALTER TABLE `up_student`
MODIFY `id` int(11) NOT NULL AUTO_INCREMENT,AUTO_INCREMENT=7;
--
-- AUTO_INCREMENT for table `up_task`
--
ALTER TABLE `up_task`
MODIFY `id` int(100) NOT NULL AUTO_INCREMENT,AUTO_INCREMENT=4;
--
-- AUTO_INCREMENT for table `up_users`
--
ALTER TABLE `up_users`
MODIFY `id` bigint(20) unsigned NOT NULL AUTO_INCREMENT,AUTO_INCREMENT=5;
--
-- AUTO_INCREMENT for table `up_users_groups`
--
ALTER TABLE `up_users_groups`
MODIFY `id` int(11) NOT NULL AUTO_INCREMENT,AUTO_INCREMENT=3;
--
-- AUTO_INCREMENT for table `up_users_profiles`
--
ALTER TABLE `up_users_profiles`
MODIFY `id` bigint(20) NOT NULL AUTO_INCREMENT,AUTO_INCREMENT=2;
/*!40101 SET CHARACTER_SET_CLIENT=@OLD_CHARACTER_SET_CLIENT */;
/*!40101 SET CHARACTER_SET_RESULTS=@OLD_CHARACTER_SET_RESULTS */;
/*!40101 SET COLLATION_CONNECTION=@OLD_COLLATION_CONNECTION */;
